,Gene_symbol,Log_FoldChange,PValue
0,FADS2,2.025,1.51164015527653e-13
1,HP,3.065,3.8350684101163897e-13
4,DGAT2,1.194,1.3898536611691599e-10
6,LOC101930114,1.262,5.883014038844141e-10
9,PRRT4,1.256,1.01277836064611e-08
10,GYS2,1.943,1.2165349645061101e-08
11,SAA2,1.93,1.2704987863543502e-08
12,AMY1C,4.03,1.501622250208e-08
14,FADS1,1.311,2.48871365334623e-08
15,GPAM,1.087,3.9456855780899504e-08
16,ANGPTL8,1.8119999999999998,1.0090662002113099e-07
17,B4GALT6,1.443,1.0833124594192e-07
20,C5orf64,1.3359999999999999,2.0831574626602896e-07
21,LINC00993,1.726,2.0213668789747602e-07
23,CCDC162P,1.906,2.19307664306106e-07
24,UGT1A7,2.329,2.46660087638316e-07
26,LINC00632,1.608,2.7516024515726106e-07
32,CLCA2,1.4869999999999999,4.49200483126804e-07
36,PDZD3,1.871,4.97439505778679e-07
38,ZFAT,1.604,8.63526196535194e-07
40,FASN,1.037,9.328265849007929e-07
43,HIST1H2BC,1.136,1.37573502273149e-06
44,RN7SL1,8.113999999999999,1.5169738830333901e-06
47,ZACN,4.164,1.99503183839362e-06
50,LINC01667,1.895,2.42083974536018e-06
51,SEL1L2,2.129,2.41363469942594e-06
53,CDK7,1.4509999999999998,2.68402262585456e-06
55,CTD-2201I18.1,1.557,2.86467529469665e-06
56,KRT5,1.791,3.3295174732223498e-06
60,SCD,2.975,3.5272372628771002e-06
61,CKMT2,1.013,3.71036198159363e-06
62,SAA1,1.2409999999999999,3.83589699172758e-06
63,SLCO6A1,2.952,3.96751035805184e-06
66,KCNK15,1.68,4.92432865953028e-06
70,SAA2-SAA4,1.4169999999999998,5.65679598028595e-06
71,KLHL31,1.0070000000000001,5.65084095753177e-06
77,FAM166B,1.125,6.9049349433206206e-06
85,LOC101929741,1.445,1.03228660819734e-05
87,ANKRD30A,1.561,1.1285802043874301e-05
93,SFRP2,1.1740000000000002,1.44832442641237e-05
94,IDO1,1.375,1.55727096733162e-05
100,TTYH1,1.6880000000000002,1.80588990691244e-05
103,ZNF705D,3.116,2.0392145044590898e-05
104,CETP,1.383,2.0984514536696e-05
112,CARD18,1.963,2.8760011785267e-05
114,MDC1,2.716,2.93541312862375e-05
123,MYO18B,1.537,3.6641505071745004e-05
125,KRT14,2.309,3.9149646346077e-05
130,THBS4,1.785,4.17841543625564e-05
132,SLC2A5,1.317,4.38161043228641e-05
133,SLC35G1,1.012,4.76577891974199e-05
140,CFAP221,1.3769999999999998,5.38473192783552e-05
145,P2RX6,1.135,5.8291346583583706e-05
149,ALDOC,1.421,5.985868897089499e-05
154,LINC01192,1.2590000000000001,6.720815358163829e-05
163,TRIM39,5.622999999999999,7.937499229153951e-05
169,UCP1,2.516,8.85599383266001e-05
178,FCN2,1.4780000000000002,0.00010118460962286999
182,FAT2,1.0090000000000001,0.000112832554057535
188,FAM166A,1.074,0.000126273273412762
190,RNU4ATAC,1.7209999999999999,0.00013319518263411398
202,NNAT,1.085,0.00014330554373313302
210,SEZ6,1.8119999999999998,0.000182174069251849
214,ABCC6P2,2.266,0.000190851676049046
217,CNTN2,1.03,0.000194543874049474
218,LOC105376671,1.062,0.00019877273743688302
220,DEFB103A,2.447,0.00020824592194063
221,DEFB103B,2.447,0.000208165849321199
234,KRT71,2.1,0.000226684019952661
236,ELOVL6,1.068,0.000238948596642965
247,SAA4,1.3659999999999999,0.000274088148580679
248,MUC16,1.153,0.000277174980225565
251,LOC284379,1.264,0.000281410074436319
252,TTC9B,1.2819999999999998,0.00028285500602376
261,ABCC11,1.179,0.000322251431409689
264,DEFB132,1.719,0.00032982001121173
265,DRD1,1.7690000000000001,0.000345520091612762
269,KRTAP5-9,1.236,0.00037893423890014103
271,COL11A1,2.056,0.000394740494433202
272,NETO1,1.611,0.00041399277401985897
280,CHAC1,1.44,0.000433829396881688
288,AADACL3,1.705,0.000468906903725091
289,CPA4,1.166,0.000479515931186271
293,KCNA5,1.213,0.000492005881552647
298,SLC39A12-AS1,1.234,0.000516429606409453
316,LOC101926941,1.024,0.000621082778599488
322,BCYRN1,1.204,0.0006510469690370259
325,MOGAT2,1.139,0.000670030354866835
329,MTRNR2L8,2.052,0.000681096783303765
338,NXPH4,1.357,0.000738171962212396
346,LOC100506869,1.412,0.000764113860487721
350,LBP,1.125,0.00076939987212316
390,OIT3,1.804,0.00104128948853676
397,RHAG,1.915,0.00112487328737021
407,STMN2,2.506,0.00120701525506795
410,LGALS7,3.605,0.0012303126623525698
415,LOC105378325,1.3119999999999998,0.00125804346809428
420,MIR708,2.519,0.00128331407174461
445,FRG2B,2.4090000000000003,0.00170032585739634
446,CYP3A4,1.172,0.0017157804944095301
447,PRND,1.392,0.00170899179287368
452,SULT1A2,1.026,0.00175300013790501
458,MXRA5,1.0590000000000002,0.00179584965475347
459,GKN1,1.621,0.0018222454413428899
467,CDR1,1.162,0.00194129342632831
469,IQCA1,1.158,0.00198845982904718
470,LOC400743,2.161,0.0020259552262928303
472,RP1,1.838,0.00204367710772817
483,ESM1,1.341,0.0021521722127861896
500,LY6H,1.554,0.00241412678974233
502,CLCA3P,1.13,0.00241223029003958
514,RN7SK,1.055,0.00252790824276637
525,OR5AK4P,1.305,0.0025917841392234
532,OPRK1,1.295,0.0027096481032844
550,DPRX,1.195,0.00288461511561008
565,LINC01929,1.072,0.00306540261387701
592,TRIM67,1.272,0.00346767479663756
630,LOC105378231,1.857,0.00399334674682973
632,SLC15A5,1.078,0.00401712357730097
644,LINC00525,1.242,0.00427004091937314
648,NAT2,1.5659999999999998,0.0043261342713795895
661,DRC1,1.248,0.00454050667411654
711,LINC01099,1.095,0.005395190155638829
714,LOC100129935,1.011,0.00547619677393217
719,PRSS57,1.659,0.0055856777154201205
734,SLC22A12,1.379,0.0058138684557529205
753,DIRC1,1.004,0.00619122366440872
755,LINC00184,1.1079999999999999,0.00633747683062166
760,LOC107984640,1.2590000000000001,0.00640673488007269
771,PP12613,1.8090000000000002,0.00672919621380231
772,GCGR,1.531,0.00674934117413204
783,DEFA1,2.079,0.00685649309625737
789,PPP1R18,1.45,0.00699107219218067
791,ANKRD30B,1.053,0.0070770419935213096
796,TADA2A,1.558,0.00711939780024415
832,RALYL,1.033,0.007796629726376759
854,LY86-AS1,1.2229999999999999,0.00825175362646457
861,KRT79,1.196,0.00829558033357413
871,GAL3ST3,2.101,0.0085867004529784
872,TECTB,1.525,0.00860277173885978
879,APLN,1.077,0.00866749488505943
892,LGALS8-AS1,1.058,0.00895687533027121
894,ARL14EPL,1.71,0.00900752770960297
901,URAD,1.66,0.00920698651041401
929,FAT3,1.178,0.00975777628378964
945,TMEM145,1.227,0.0100737221062749
957,MAP3K19,1.064,0.0102188165386225
973,LY6D,1.743,0.010647279482473
984,MMP13,1.386,0.010971727663056001
993,RNVU1-7,1.844,0.0111574081604638
1028,CNTN6,1.475,0.0118193594271289
1041,KRT7,1.202,0.0120954887552051
1067,SPATA13,1.5430000000000001,0.0128131432025713
1089,TUBB2B,1.024,0.013278737513374
1108,CES1,1.2819999999999998,0.013713955566338
1112,VIL1,1.494,0.0138579438407361
1116,ANO4,1.182,0.0139114156941744
1117,CAPN13,1.6840000000000002,0.0139645144198217
1123,VWA3B,1.075,0.0140398324728109
1141,GNL1,1.056,0.014622009785908002
1151,LINC01925,2.3819999999999997,0.0148957415160518
1153,DSC3,1.235,0.0149907198699657
1154,TFF3,1.002,0.015104323356803997
1162,PTPRZ1,1.23,0.0153005468801841
1170,MIR4530,1.6869999999999998,0.0154754368069127
1173,MIR365B,1.2790000000000001,0.0155308678528532
1264,PKHD1L1,1.04,0.0179287816917351
1265,C22orf15,1.642,0.0179598536796957
1268,LINC01899,1.7469999999999999,0.0180418065952552
1274,KRT16,2.055,0.0181273750529276
1279,USP50,1.125,0.018391023099220003
1287,DHX16,1.867,0.018582809217926002
1296,VCX,1.219,0.0188021066367945
1300,SLC38A3,1.125,0.0188849251038245
1306,RMRP,1.3119999999999998,0.0191343209374186
1336,ARHGDIG,1.013,0.0201181841471015
1344,PGLYRP2,1.591,0.0203388466281525
1401,SLC25A41,1.044,0.0220477689600795
1418,EHHADH-AS1,1.839,0.0224405300980094
1419,CLEC6A,1.4140000000000001,0.0224669049401001
1426,FOXH1,1.137,0.0227124590904554
1440,LRRTM4,1.355,0.0231859968338693
1474,SPINK5,1.15,0.0237738775749656
1475,TGM3,1.078,0.0237963475008103
1476,PBK,1.046,0.0238507477370066
1479,LINC00244,1.206,0.0238896862044986
1480,LOC105373764,1.3519999999999999,0.0239102182546385
1483,HBE1,1.073,0.0240853407836854
1545,TMC4,1.135,0.0259981096865076
1619,CLRN3,2.013,0.028288489433432002
1639,LAIR2,1.9909999999999999,0.0293742464717902
1650,HCN4,1.579,0.0294824628845847
1671,FIBCD1,1.3319999999999999,0.0301482893336909
1688,MIMT1,1.411,0.0306249061770554
1696,LINC00870,1.766,0.0308223361562546
1705,CKMT1A,1.386,0.0311135218283321
1716,FAM183BP,1.392,0.0314166855408921
1750,HIST1H2AK,1.73,0.0326822454618177
1752,LENG9,1.3030000000000002,0.0327071531956734
1769,MYH2,1.139,0.0336489195662479
1830,C5orf67,1.755,0.0356675619247966
1859,PBX2,1.006,0.0365750153360105
1892,LINC01787,1.0090000000000001,0.0380950498850992
1921,LINC01704,1.03,0.0390506774393114
1933,SERPINB7,1.442,0.039370593784302
1958,CRH,1.412,0.0403577192747342
1977,PRL,1.054,0.0409987687354398
1991,SSMEM1,1.435,0.04164412840192
2004,CASP14,1.1,0.0421188067213223
2019,DLG1-AS1,1.276,0.0426463773951658
2038,CKMT1B,1.101,0.0432178683064456
2050,FREM3,1.4040000000000001,0.0440428586497845
2071,WDR64,1.508,0.0446709708934312
2111,SSX7,1.2329999999999999,0.0463636589994655
2126,PCP4,1.213,0.0468513806826669
2128,CSN1S1,1.02,0.0468567435911494
2131,FAM83C-AS1,1.683,0.0469603873681612
2133,PSORS1C1,1.308,0.0470564620963936
2135,MYEOV,1.015,0.0471792144279946
2141,HLA-DMB,1.9480000000000002,0.0472586770510096
2147,WNT7A,1.044,0.0476239729325206
2157,LOC101928739,1.9680000000000002,0.0479663065546488
2187,SEC23A-AS1,1.125,0.0488765764745936
2202,KRT15,1.074,0.0493756027924586
2,SPP1,4.811,1.92038189083793e-12
3,CDKN2B,2.536,2.0496713129509e-11
5,TNMD,3.5439999999999996,1.31204591294575e-09
6,LEP,2.81,1.1267605584121199e-09
7,RPP21,6.541,3.30173883931745e-09
8,LILRB4,3.426,4.266629585984521e-09
11,CHIT1,5.362,9.90699808950254e-09
12,LRRC37A,6.47,2.4365949557141604e-08
14,MSR1,2.011,2.83427897275751e-08
15,CRYAB,2.299,9.87003810524252e-08
17,TM4SF19,5.971,2.2192203360251003e-07
18,SRPX2,2.137,2.8712203330080105e-07
20,NPR3,2.386,4.0588594472157e-07
21,LOC101929726,2.614,5.37456069934628e-07
22,MRPL45,5.55,7.173146551935121e-07
23,DMTN,1.547,7.802079651027291e-07
24,STC2,2.258,1.09751231583597e-06
25,HOXC8,5.087,1.29051256072331e-06
26,CTSS,1.879,1.31669906654614e-06
27,APBB1IP,1.564,1.68153651763999e-06
28,ADA2,1.864,2.29913760980735e-06
30,SNCG,2.037,3.08720005594349e-06
31,GPI,4.416,3.26908194676771e-06
33,TRIM26,5.901,4.34742564219018e-06
37,HLA-DRA,4.0360000000000005,5.46783572546277e-06
39,HSPA1A,6.0089999999999995,6.3455684521895204e-06
45,HOXC6,2.398,1.5523512720011498e-05
46,CES1P1,4.221,1.5523885596134698e-05
47,ANGPTL4,1.6280000000000001,1.58145974229484e-05
48,CD209,1.5419999999999998,1.82215450324672e-05
49,FCGR2B,1.334,1.82412147700235e-05
50,MSC,2.951,2.1224606383961898e-05
52,AQP4,7.041,2.61982973360385e-05
56,IRF8,1.472,3.16975428756345e-05
57,FPR3,1.46,3.23168539628906e-05
58,ITGB2,1.891,4.47676283189724e-05
60,CD68,1.4069999999999998,5.45964096230211e-05
61,CCDC3,1.6230000000000002,5.72600016097787e-05
62,CTSB,1.415,5.65991180087626e-05
63,LOXL2,1.4509999999999998,6.76577570229906e-05
64,NQO1,1.8219999999999998,7.123299912502092e-05
67,FCGBP,3.138,9.52859677531838e-05
70,CCND1,2.384,9.2011745190263e-05
71,LGMN,1.272,9.327841281192e-05
72,ITIH5,1.706,8.7322226607988e-05
74,TBX18,1.528,0.000104585719810848
75,C1QC,1.4280000000000002,0.000105309558145476
76,MMP7,4.6419999999999995,0.00011489293101746299
78,EXO1,3.858,0.00013102321240435801
79,SLC37A2,1.3030000000000002,0.00013455311675658502
80,CHI3L1,2.5069999999999997,0.00013380714280656201
81,PLAC9,1.4080000000000001,0.00013434276913294299
84,WISP2,1.347,0.000180576950201958
87,HLA-DRB3,6.584,0.000188401968177908
88,MMP9,3.8110000000000004,0.000203024229400667
89,ACP5,1.8259999999999998,0.000200947068727272
91,CD14,1.3219999999999998,0.000190329170480052
92,ITGB5,1.3119999999999998,0.00019378265489096699
94,KYNU,1.444,0.00021488852355611298
96,CCL18,3.845,0.00023582536098410898
98,HOXC9,3.054,0.000233571471846848
99,MPEG1,1.188,0.00023389836941477998
100,SYNPO,1.541,0.000239536147252157
102,AKR1C3,1.6869999999999998,0.000245327813556945
103,HSPA1B,4.493,0.000250760949542108
106,DMRT3,6.778,0.000306140526065525
107,PLIN4,1.839,0.000312915735118194
108,MS4A6E,3.582,0.00032339908523443397
109,IL1RN,3.375,0.00032713723855650096
110,TUBB2A,1.7730000000000001,0.00034667618393062
113,F13A1,1.2229999999999999,0.00037213618306941403
115,RHOXF1,2.351,0.000389485824615687
117,ALDOB,2.104,0.000403356967623689
120,LOC653786,3.102,0.000414156509358357
122,CSMD1,2.029,0.00044406945164465
123,HLA-DPB1,6.337000000000001,0.00043331070031659504
126,KLHL30,2.365,0.000427190711072294
129,C1QA,1.2429999999999999,0.000436909007417416
132,A4GNT,3.878,0.000488169448073089
133,RASA3,1.197,0.000481278162076388
135,FFAR3,2.655,0.000501643057320158
136,FOLR2,1.136,0.000501882417736159
137,SYNC,1.3030000000000002,0.0005257897587161679
138,LINC00645,5.794,0.0005338143071109719
139,IFI30,1.8090000000000002,0.000536526429184592
144,KRTAP13-4,4.285,0.000604894020149182
146,NRP2,1.165,0.000604225720516466
147,SYK,1.1640000000000001,0.000621980330168458
148,CD74,1.1440000000000001,0.000623845772439285
150,HLA-DRB4,5.599,0.0006732574573557781
151,SERINC2,1.9469999999999998,0.000669580691709821
152,HLA-C,4.626,0.000689592516747091
156,SLC35C1,1.072,0.0007206576142345179
157,LAMB3,1.9240000000000002,0.000728691676821245
160,SLAMF9,5.446000000000001,0.0007966959373649809
161,ARL11,1.929,0.000795731502990965
163,PKD2L1,2.7439999999999998,0.00080635643871282
164,IGSF6,1.4240000000000002,0.0008239240046367059
166,APOC2,4.985,0.0008625894122395231
167,DNASE2B,3.7319999999999998,0.0008840518815461051
168,LINC01494,5.239,0.000909027832278307
169,HLA-DQA1,1.395,0.000920247465428199
170,EN1,2.734,0.000931168167660234
171,ADAM12,1.47,0.0009400677615924141
172,C1orf198,1.089,0.000952124088600184
173,HOXC5,2.377,0.000964120738154309
175,KCNJ5,1.624,0.000979484467000557
176,LINC00334,5.33,0.000994581346276864
177,IGSF1,2.062,0.0009961709743326061
178,PPP1R11,5.434,0.00100344656711219
180,AOC1,2.6830000000000003,0.00101735029163125
182,MGAT3,1.319,0.00106274325154713
183,TLCD2,1.2009999999999998,0.0010660664038302
185,CD248,1.41,0.0011049676753698099
186,MRC1,1.145,0.00111344587022036
187,TNIP1,1.2229999999999999,0.00111323577335742
188,FOPNL,2.076,0.0011605990131319
190,PLEK,1.131,0.00117018456350435
191,GNG2,1.248,0.0012170154006111
193,ADRA2A,1.21,0.0012366978169222802
195,RNF17,4.078,0.00128832473051047
196,HOXC-AS1,3.2260000000000004,0.0012914129815851199
199,LCP1,1.248,0.0012958619648731
202,ITGAM,1.1840000000000002,0.0013799302035014801
203,SEMA3G,1.614,0.00139533348945454
204,C1QB,1.264,0.00144235989369989
207,LINC02227,2.645,0.00153456281188795
209,CCL19,2.7089999999999996,0.00152028067175926
210,MRAP,1.827,0.00153351274987211
212,WDPCP,1.053,0.00159833216031146
213,TREM2,2.905,0.00161980484177081
214,ABHD11-AS1,4.497,0.00163969371927082
217,CLEC10A,1.0390000000000001,0.00173806083766595
220,SPI1,1.128,0.00177456519113235
225,TYROBP,1.27,0.0019001739751065
229,POPDC3,2.9960000000000004,0.00194673628568646
230,IL25,4.212,0.0019731968716630802
231,LOC105376527,3.0180000000000002,0.00202228397744799
233,MSTO1,1.051,0.00203626150119466
237,DDX39B,2.131,0.00213950213267457
242,LY86,1.719,0.00222371047202602
243,ST14,1.516,0.00221324500732735
244,EPDR1,1.235,0.00223009452725405
245,ALDH4A1,1.399,0.00225890280759559
246,LAPTM5,1.157,0.00231457166221082
248,PALMD,1.148,0.00234231877737409
252,ATP6V0D2,3.6910000000000003,0.00251248189150293
253,TEX26,2.28,0.00251968482896986
257,PTAFR,1.042,0.0025281330660587
259,LGALS9,1.131,0.00246616876163658
260,ALAS1,1.169,0.00247580618210163
267,ZBED3,1.077,0.0026549922131006397
268,LAIR1,2.281,0.00267823954175249
269,LYZ,1.483,0.00269291729252529
271,HAVCR2,1.288,0.00276056760046776
272,SSTR5-AS1,3.698,0.00280386957080889
274,C5orf30,1.11,0.00278530223558365
275,CTSZ,1.083,0.0027956935744856398
276,UCHL1,1.395,0.00282110961138467
277,FCGR3A,1.42,0.00285656857760351
278,IGSF21,1.869,0.00288441529252736
280,HCK,1.113,0.0029164763794298
281,PIK3C2B,1.0190000000000001,0.0029385076614896802
282,ADM,1.234,0.00294327931071767
284,SNTG2,2.9219999999999997,0.00296725218047629
287,CYP26B1,1.2009999999999998,0.00305872794225129
288,TPI1P2,2.573,0.00307707561338725
294,SNX10,1.123,0.0031882114234178
295,GPX1,1.2,0.00325772599378867
297,NMT2,1.003,0.00329150070062975
299,HSD11B1,1.068,0.0033331899470839103
300,PRKCD,1.327,0.00338834816610402
303,TRIM16L,1.28,0.00349814010412551
305,LY6G5B,2.873,0.00354066028375219
308,SHTN1,4.808,0.00361007520013459
312,EPB41L1,1.0290000000000001,0.00359757368275281
313,UPK1A,2.384,0.00375953434509844
316,GAS2L2,2.545,0.0037320481385078705
317,HS3ST2,2.2569999999999997,0.00381848687590815
321,OSGIN1,1.6159999999999999,0.0038134115139535204
324,TMEM54,1.19,0.0037305306473954898
325,INHBB,1.186,0.00378523436172259
327,FTL,1.101,0.0038171653741164795
328,HOXD8,1.422,0.00387692477359606
330,CR1,1.679,0.0039277853773466
336,UMODL1,3.659,0.00410578372787553
338,SELE,2.8139999999999996,0.00414482308943849
339,COTL1,1.07,0.0041565783682306606
341,SAMD4A,1.189,0.00421071577089514
344,CSF2RB,1.072,0.00425315045707663
345,CTSD,1.112,0.00425444002655665
346,LINC01402,2.2880000000000003,0.00429362294035153
347,VSIG4,1.2890000000000001,0.00428993285864373
348,ZNF98,2.005,0.0043076406865347
349,KANK4,1.276,0.00432892220988716
351,SYTL4,1.06,0.0044057757529599
353,IMPDH1,1.013,0.00448046102095762
354,ZNF503-AS1,3.0410000000000004,0.00454959698441696
356,VLDLR-AS1,1.413,0.00451174698230561
359,EXD1,3.074,0.00459402600994224
362,PDE6G,2.189,0.00460895108551155
364,PEMT,1.5830000000000002,0.00475027818948307
366,ZNF541,1.886,0.00482962178814412
368,CLEC4G,1.7380000000000002,0.00493320973598981
369,RBFOX3,3.0589999999999997,0.0049116105735173
370,RETSAT,1.136,0.00493337105591686
373,MS4A7,1.141,0.00503888388579857
374,RAPSN,3.032,0.0051018463914325
376,DHRS9,2.0469999999999997,0.00510719059718048
378,IL4I1,2.138,0.00522882451658649
379,GRHL1,1.601,0.00521987378428286
381,NPL,1.065,0.00527533642482432
383,PPP1R27,3.93,0.00538445464380561
384,CCL8,1.92,0.00541737514965689
387,HCAR2,1.11,0.0055309477042818
390,DUSP10,1.608,0.00560293363492511
392,AMPD3,1.1079999999999999,0.00559762834819687
393,CCDC85A,1.056,0.005630789332185361
395,NBPF6,3.51,0.00571061542310576
401,SPATA9,1.3869999999999998,0.0058440981359696295
402,FCER1G,1.146,0.00586913255228577
404,TBX15,1.665,0.00594290508808251
406,TMEM139,1.784,0.00601257133687459
408,CD300LB,2.266,0.00605606261214716
411,CYTH4,1.109,0.006188034222684271
413,NANOS1,1.1420000000000001,0.0062661464478328
416,SKIV2L,1.722,0.006345677981576379
417,C3AR1,1.0959999999999999,0.00633218416650976
420,GOLGA7B,2.186,0.00646968963718481
421,ABCF1,1.719,0.00648478424020254
423,MPZ,1.626,0.00644967722256617
432,PISD,1.0859999999999999,0.00663194632052311
435,TRPM2,1.2,0.00677411617278231
436,TSKU,1.062,0.00677831932338776
441,SIM2,1.875,0.007079148460508141
442,CHRNA1,2.898,0.007103198812099729
448,DOK3,1.13,0.00734719950077665
451,SULT1A1,1.176,0.007369312053127409
453,FADS3,1.255,0.00750644880461526
454,KCNK13,2.6060000000000003,0.007529079160668109
456,LIPA,1.21,0.00761750686228258
458,FGF8,2.673,0.00769706758669879
462,ADAP2,1.038,0.00785850980190904
464,APLNR,1.3119999999999998,0.00778150956124578
466,ACSF2,1.028,0.00787222482479278
468,PNMAL2,1.41,0.00799142253528994
471,LINC01060,4.618,0.008394493348798871
475,NETO2,1.496,0.00842559264108026
480,DHDDS,1.011,0.008626194322379821
481,IRX3,1.893,0.00868892359806998
484,RENBP,1.124,0.0088170439493753
486,LOC101928896,2.051,0.0089495928931584
489,CD84,1.0190000000000001,0.00898728897282989
490,CYBB,1.129,0.00898504251706852
492,KCNA6,3.012,0.00913413599614623
494,LFNG,1.45,0.009233584079468959
495,RDH5,1.18,0.00924723748910338
508,HLA-L,4.8,0.00980093511580645
511,CSNK2B,2.1790000000000003,0.0100200671824182
514,DTX1,1.056,0.0101943084231355
515,ITPK1,1.0090000000000001,0.0101972187171683
518,NCF1B,1.361,0.0102836350063422
519,NRROS,1.29,0.0103352850810639
520,HOXA10,2.1,0.0102779888156268
522,C1orf127,2.245,0.0103777173694933
525,CD163,1.091,0.0104462407227102
527,ALX1,3.9419999999999997,0.0105970490004711
528,POU2F2,1.405,0.010610752921024
531,RAB42,1.4040000000000001,0.0107153615047847
534,LINC01287,1.675,0.0107744815964159
550,GNA15,1.2229999999999999,0.011268858120961999
551,APOC1,1.601,0.0112320097227929
553,FSTL3,1.18,0.0112368016022157
556,HHEX,1.405,0.0113154718274184
557,LILRA2,1.735,0.0114511664911725
558,PLPPR4,1.589,0.0114799364415711
560,MARK1,1.103,0.0114907816841941
562,CD300A,1.197,0.0115450618544336
566,MEOX1,1.361,0.011660692592363001
567,LINC02172,1.95,0.0117358726730227
568,HCST,1.339,0.0117536910438087
572,SIRPB2,1.4680000000000002,0.011818660376839
577,LOC102724450,2.31,0.0120714322117291
578,MSH5,1.5330000000000001,0.0121156698078682
580,PITX2,3.266,0.0121200686471847
582,XKR3,4.54,0.0122030933079689
585,AFF2,1.85,0.0123374157553038
587,DPEP1,2.318,0.0123796689190665
591,PSAT1,1.49,0.0124626293285581
594,NEUROG3,4.44,0.0125495538913381
595,ADGRE4P,1.675,0.0126049590270557
599,C4orf19,1.192,0.0127820618430262
600,PMEPA1,1.3,0.0127976143473269
601,DCSTAMP,2.7030000000000003,0.0128702708587526
603,RHOXF1-AS1,1.2890000000000001,0.0129087618807839
606,GRAMD1B,1.161,0.0130159412720537
609,TIMD4,2.116,0.0131850655513676
612,HRCT1,1.276,0.0132321539581059
616,TSPAN33,1.075,0.0134608630220453
618,TFAP2A,1.6,0.0135106394214909
620,KANK1,1.0090000000000001,0.0137030501103615
623,CRYBB1,1.516,0.0139068008070024
625,KCNQ3,1.745,0.0137818524111173
626,SDS,1.768,0.0138005220956739
627,GSDMA,1.9909999999999999,0.0138301542110215
628,STEAP3,1.028,0.0138929646338467
634,HOXC10,2.379,0.0143519012923363
636,MED16,2.0780000000000003,0.0142887713410165
638,ADRB1,1.208,0.0141471819271747
639,CCR1,1.0070000000000001,0.0143761181348228
649,CD28,1.207,0.0145279013387147
655,HLA-DQB2,2.627,0.0150279895700961
661,SPOCD1,1.901,0.0151312990929064
664,C9orf24,1.675,0.0152809047848493
666,CAPN11,1.4340000000000002,0.01534434371734
678,HLA-DOA,1.944,0.0157633304749436
687,HTR5A-AS1,2.753,0.0159261011985678
695,FZD8,1.0979999999999999,0.0160142374333242
707,MAP7D1,1.057,0.0163631849616823
709,SPTBN5,1.288,0.0164151992795014
712,HSPB7,1.181,0.0164919176557435
714,PLK2,1.15,0.0166644143994902
718,EHF,2.622,0.0168660063965912
723,SMAD6,1.112,0.0170565309417683
729,CD86,1.0959999999999999,0.0173271330698457
743,ABCC3,1.5230000000000001,0.017711683387139
744,SLC9A3R2,1.139,0.0176993308782458
745,PRRT1,1.4709999999999999,0.0177513065195604
747,LOC101928530,2.22,0.0178108107281224
753,OTOF,2.115,0.0182184781602546
754,AMBP,2.804,0.0184039498625005
758,GPR137C,1.2229999999999999,0.0183298468315368
767,LOC283710,1.537,0.0187932746091242
768,LOC105378828,1.209,0.0189760884486573
779,TUSC5,1.276,0.0191120774758767
781,UTS2,1.807,0.0192328626453673
785,PSORS1C3,3.136,0.0193540781549187
786,LRRC25,1.0390000000000001,0.0193723166045867
788,C15orf48,1.98,0.0196529892606469
789,KIF20A,1.484,0.0196922574270664
791,CA8,1.171,0.0197383445182441
793,SASH3,1.067,0.0197400355801651
799,RPH3AL,1.9880000000000002,0.0198343766537353
800,SIRPB1,1.49,0.0198216032580359
804,CCL3,2.332,0.0200055568618305
810,C10orf90,1.838,0.0201237006116985
822,SYNM,1.169,0.0204298352339863
825,CYTL1,1.754,0.0206048619383799
833,CCDC62,1.946,0.0210973046812492
834,LOC101559451,3.182,0.0212906717436007
836,RPL31P11,2.739,0.0213445909358807
837,TBX5-AS1,3.623,0.0212750841825716
839,VMO1,1.34,0.0213401016518857
840,LYL1,1.1640000000000001,0.0212654539423542
841,ADAMTS18,1.321,0.0213484519262671
852,P2RY12,1.087,0.0218846769437317
853,PWWP2B,1.115,0.0218431610781541
854,MSC-AS1,1.003,0.0216710291326044
859,KIR2DL4,3.366,0.0221464765740398
860,LINC01909,2.0180000000000002,0.0220722225184269
862,MMP8,2.779,0.0219470740414649
863,LOC100506585,1.385,0.0221693333758178
865,F5,1.6780000000000002,0.0220477391875372
873,DEFB124,1.9609999999999999,0.0223329901894905
874,PPP2R1B,1.175,0.0223804458662405
875,C5orf38,2.215,0.0224080978793674
883,APOB,1.4269999999999998,0.0228958602153063
893,AKR1C2,1.209,0.0236099169690554
895,FAM212B-AS1,1.8630000000000002,0.0238468520800634
897,FAM151A,1.935,0.0239176097063319
906,RANBP3L,1.18,0.0239946629360769
907,CD52,1.486,0.0240900295235133
911,DNAJC5B,2.279,0.0242244442884449
913,LOC100996721,4.606,0.024433893617103998
915,TMIGD3,1.579,0.0244816433764058
919,UPK3A,2.338,0.0245613505121008
925,SIGLEC9,1.186,0.0248632930636949
928,TTTY9A,3.7060000000000004,0.0250155748180761
932,MATK,1.493,0.0252926522598544
933,PDE11A,1.157,0.0253293338838181
934,LINC01497,3.1239999999999997,0.0256154009387117
936,GIMAP1-GIMAP5,1.209,0.0256890273857603
938,ESRRG,1.7930000000000001,0.0258408247495998
939,CD80,1.5959999999999999,0.0261686447476485
943,GDF5,1.39,0.0260635868258249
945,GTF2H4,2.2769999999999997,0.0262579397601262
947,TLR7,1.2919999999999998,0.0259034833269917
949,GJA4,1.0390000000000001,0.0262368194925615
952,LIPE,1.104,0.0260488393444244
954,LINC01425,3.042,0.0263295140630995
956,AIFM2,1.001,0.0267157642303017
957,RFPL4B,2.7680000000000002,0.0270366141939465
958,LIPN,1.795,0.0269587961940412
964,HLA-DMA,1.249,0.0270368377776846
970,VWF,1.2009999999999998,0.0270556891454838
982,LILRB3,1.2770000000000001,0.0277417804509269
990,CLIC6,1.984,0.0280123403600005
993,HOXD3,1.3030000000000002,0.0281293443302166
1003,MCAM,1.069,0.0285344166253516
1007,LILRA1,1.67,0.0286607170554624
1010,CLSTN2,1.0170000000000001,0.0288348857913376
1012,REEP6,1.608,0.0289254011316157
1014,CD300E,1.187,0.0290225612564726
1016,CD180,1.188,0.0291297634138744
1026,LINC00987,1.037,0.0297278717161672
1031,LINC01629,4.232,0.0307276235098509
1032,OVOL3,4.2330000000000005,0.0307513340822347
1040,TAP2,1.097,0.0306761254181472
1055,MPL,1.568,0.0311521267320327
1062,SEMA6B,1.1420000000000001,0.0316302825501135
1071,SLC4A10,1.3130000000000002,0.0319705366830169
1072,MRM1,1.382,0.031976957697372
1077,HLA-DRB1,1.796,0.032136801425923
1080,ZSCAN1,2.18,0.0322606626198868
1082,GPER1,1.031,0.0323201873300209
1097,SFN,1.8869999999999998,0.0334920799013338
1100,CLDN4,1.3419999999999999,0.033624018205689
1106,MARCO,1.446,0.0336694438036945
1110,MYO16-AS1,1.976,0.0338016707304963
1124,STPG2,2.082,0.0347232000065112
1127,CXorf21,1.3259999999999998,0.0347492825580494
1134,DSTNP2,1.145,0.0351363538480694
1136,CHRNA7,2.8680000000000003,0.0352705859984328
1140,TMPRSS4-AS1,1.817,0.0356797515301962
1148,RTN4RL1,1.0190000000000001,0.0356641487122546
1165,KIR3DL2,4.194,0.0366240701426013
1170,PLA2G7,1.7080000000000002,0.0365214374474646
1176,LILRA4,3.286,0.0369774442966698
1181,UPK3B,1.829,0.0371948319871778
1183,LOC100653233,2.363,0.0372791994140486
1188,HOXA9,1.689,0.0376520632798047
1190,LOC105378687,1.331,0.0377580230438286
1198,ABCC6,1.095,0.0380443245002
1202,DDIT4L,1.082,0.0383006949547929
1204,TBX20,2.6639999999999997,0.0383648179814623
1209,SOX7,1.188,0.038538537590496
1213,IL2RA,1.296,0.0390290520113655
1215,CD1B,2.25,0.0391748736912594
1221,FOXD2-AS1,1.214,0.0397314113786165
1223,HLA-DPA1,1.252,0.0397089206907878
1226,ZNF835,1.077,0.0399552780518432
1230,DDR1,1.9340000000000002,0.0401120008435772
1232,CEACAM16,3.054,0.0403192530194193
1235,OXT,1.6019999999999999,0.0403923227369211
1237,KCNH5,1.6669999999999998,0.0404580676467416
1247,DCANP1,2.241,0.0412487737396728
1248,BCL2A1,1.476,0.0413304426390461
1250,GPR142,2.218,0.0416595185921689
1253,NCF1C,1.067,0.0417369815834942
1255,MEP1A,3.1889999999999996,0.0417785184613307
1265,CASQ1,1.3880000000000001,0.0424300061027566
1270,KMO,1.624,0.0426892642837204
1275,LHCGR,1.338,0.0431946423633508
1276,LOC338963,3.398,0.0432301350899967
1283,LST1,1.306,0.043699075002736
1284,IL10,1.521,0.0436987612158187
1300,LILRB1,1.8719999999999999,0.0442661418585256
1301,C4orf48,1.163,0.0444853069893843
1312,CISH,1.3459999999999999,0.0449287666386363
1318,SIRPD,2.698,0.0451457220512494
1319,ZNF311,2.8,0.0452169221909861
1323,NOMO1,1.166,0.0451925119123577
1324,EWSAT1,1.8159999999999998,0.0453882977025005
1337,CNTNAP2,1.4769999999999999,0.0460273603659669
1338,DOC2B,1.001,0.0460636367276854
1341,NPAS2,1.331,0.046341654983946004
1346,TBX5,2.384,0.0467169011765468
1360,EHMT2,1.179,0.0471307558467587
1367,TMEM150B,1.08,0.04781592086876799
1371,CPEB1,1.189,0.048085017169684004
1374,GOLGA3,2.28,0.0482541068837645
1376,TMEM45B,1.2990000000000002,0.0484122908714594
1379,CLN3,1.426,0.0486194424898522
1398,ZBTB9,1.3940000000000001,0.0498618687750003
1399,ARHGAP11A,1.807,0.0495501768378078
1,CCHCR1,2.9760000000000004,1.02726259078928e-20
2,TCF19,7.046,1.2814807390539697e-19
3,ASPN,4.9510000000000005,8.046693635440309e-19
6,OGN,6.961,6.67144534425763e-17
8,ABCA5,1.7930000000000001,1.89131900777404e-15
9,SUSD2,3.486,2.0976825934316e-15
10,SLIT3,5.702999999999999,3.76515020128772e-15
11,SVEP1,4.872,4.27502828550497e-15
13,COL21A1,3.472,8.98080066168692e-15
14,WDR63,1.537,1.0532771525342502e-14
15,CACNB4,2.43,1.23914526775769e-14
16,PDGFD,5.419,1.62982195334328e-14
17,ABCA8,4.001,2.3898842730030203e-14
18,PDE5A,2.1319999999999997,2.5197297683113498e-14
19,CHRDL1,4.988,2.9014946890748703e-14
20,NDN,1.271,2.8382266428716304e-14
21,MFAP4,3.445,4.39157267132196e-14
22,PRRX1,1.88,5.189422115415099e-14
23,HSPB6,2.798,7.809581812698799e-14
24,EMX2OS,3.194,9.56999620518364e-14
25,ACE,4.736000000000001,9.747595480180851e-14
28,ADH1B,4.506,1.15271550448525e-13
29,STAC,1.6059999999999999,1.0697920168953598e-13
30,PTGES,3.3,1.09546699016959e-13
31,PTGIS,4.006,1.14201537003017e-13
32,LRRN3,1.5330000000000001,1.20735450386659e-13
33,SERPINI1,2.073,1.4351206769203602e-13
34,SLC1A1,2.144,1.9251243493400897e-13
35,LINC00960,1.444,2.30975503869052e-13
36,NPR1,7.011,2.4139056189336204e-13
38,NYNRIN,2.792,3.2305310257850397e-13
40,XPNPEP2,6.454,4.0725773404667895e-13
41,TSHZ2,4.374,4.46350208094196e-13
42,ARHGAP20,2.8510000000000004,4.61414803717017e-13
43,SFRP1,3.175,5.08309032288517e-13
44,FBLN5,2.655,6.110968262247861e-13
46,NCKAP5,2.128,8.18801430179153e-13
47,MASP1,4.104,9.4090710312831e-13
50,TNXB,5.733,1.2111177973413502e-12
51,VTN,3.802,1.25307612896028e-12
52,NID2,2.046,1.35295313100269e-12
53,PTGS1,2.333,1.7275291345015e-12
55,PLA2G2A,8.607999999999999,2.49853981586919e-12
58,CLU,3.2089999999999996,2.98660428607111e-12
59,PDE1A,3.0580000000000003,3.05826150670594e-12
61,ABCA9,3.4539999999999997,3.3198267026132e-12
62,PCOLCE,2.5780000000000003,3.22893456691264e-12
63,TRNP1,2.552,3.40814066415966e-12
64,CCDC80,1.669,3.5927716388597597e-12
68,ABCA6,3.213,4.975139758193401e-12
69,NDNF,5.144,5.144103783672309e-12
70,ANGPTL1,1.49,5.58570571878741e-12
72,FAM149A,1.5630000000000002,6.28248572951606e-12
73,IGSF10,3.8810000000000002,6.200442626764781e-12
74,CASP1,3.278,6.40067620139359e-12
75,SOD3,2.5669999999999997,7.3546607276699e-12
76,C1S,2.7230000000000003,7.388932422846309e-12
77,RNF207,1.4140000000000001,8.8509657153186e-12
79,CFB,3.75,1.16098295239875e-11
82,LDB2,2.636,1.14059132091141e-11
83,CRABP2,2.877,1.12806513877412e-11
85,ANKRD6,1.17,1.25076297791423e-11
86,NSF,8.122,1.30188252917316e-11
87,FAM155A,2.359,1.40100177085373e-11
89,TRANK1,2.074,1.52506081302366e-11
90,ADH1C,4.486000000000001,1.75058244880441e-11
91,TYMP,1.88,1.7399159922510802e-11
92,THBS2,2.1319999999999997,2.0653976650870802e-11
93,LINC01018,4.718999999999999,2.22743424876918e-11
94,LINC01503,2.654,2.28459103604717e-11
95,PRSS12,3.174,2.36274976230678e-11
96,DOK5,2.359,2.57186310459505e-11
97,ABCC9,1.715,2.8977028744342497e-11
100,DHRS3,1.6880000000000002,3.2612199853036806e-11
101,OMD,4.218,3.74696366901647e-11
102,SCARA5,8.287,3.71468995365047e-11
103,KCND3,2.19,3.99565463522265e-11
104,RARRES1,2.798,4.2214805889602295e-11
105,DAB1,4.084,4.28538377153226e-11
107,SCN2A,1.7530000000000001,4.6821366350990996e-11
109,INSRR,2.9939999999999998,5.4073417637634e-11
110,PDGFRA,2.891,5.88582042495016e-11
111,GATA6-AS1,2.861,6.14647334862943e-11
112,FZD7,1.278,6.47293240913175e-11
113,MAN1A1,1.896,6.63076470779898e-11
114,LINC00607,2.454,7.6091903971296e-11
115,TMEM119,1.7519999999999998,8.02536832924212e-11
117,IGFBP6,2.187,9.71875795917969e-11
119,MGARP,2.263,1.26783278604709e-10
122,OLFML1,4.086,1.34694592331638e-10
123,PLPP3,2.958,1.3632348270287099e-10
124,CFD,4.467,1.3890684260923298e-10
126,DNAJC12,1.4469999999999998,1.48367576701073e-10
127,ADGRD1,3.842,1.47457971778194e-10
128,C3,5.315,1.52230088806746e-10
130,APOL3,1.581,1.82891443854158e-10
131,TMEM200B,2.597,1.88505905847409e-10
132,PLS3,1.6130000000000002,1.8830453116933302e-10
133,INMT,2.4819999999999998,1.90671703817272e-10
136,HYAL1,1.7280000000000002,1.9851151892424801e-10
137,PIANP,2.279,2.00863842668156e-10
140,FZD4,1.315,2.3164743625302598e-10
141,LRRC32,2.3680000000000003,2.47219763675879e-10
143,ADGRL3,5.131,2.6463437694566797e-10
145,DMGDH,1.774,2.79972273768722e-10
146,TRIML2,2.146,2.8513650935822006e-10
147,PLSCR4,1.499,3.23941110267098e-10
148,ABCA10,1.82,3.3129199870869e-10
149,SYBU,1.93,3.34866643112514e-10
150,FEZ1,1.275,3.30140656485011e-10
151,TGFBR3,2.9760000000000004,3.33304489256897e-10
153,DNMBP,1.0190000000000001,3.50305433813527e-10
154,CACNA1C,2.3169999999999997,3.54865215661952e-10
155,LOC100240735,2.1719999999999997,3.6132069209006e-10
158,EMX2,2.133,3.86574181038216e-10
159,SHC3,1.825,4.0033750922547404e-10
160,LXN,3.636,4.0141920387592997e-10
161,PI16,4.803999999999999,4.17085619756067e-10
162,CIDEB,2.875,4.43159762731417e-10
163,ABCC2,3.115,4.46503230598516e-10
164,LINC02202,2.406,4.61235000196687e-10
165,NOV,2.363,4.780406319315199e-10
166,OSTN,4.488,4.93955592687985e-10
169,LRRC71,3.35,5.87551661025724e-10
172,RHOD,1.2670000000000001,6.73345193189554e-10
173,CDO1,1.811,7.03432510483944e-10
175,SH2D4A,1.462,7.33577284372776e-10
176,THSD7B,3.6660000000000004,7.438898606161819e-10
177,WDR46,3.338,7.55438364445192e-10
178,EFEMP1,2.739,7.94717920285163e-10
180,PEAR1,3.0180000000000002,8.51596873296023e-10
181,FAIM2,2.26,8.77882937656334e-10
183,DPP4,1.965,8.85358074724225e-10
184,CCL13,5.242999999999999,9.08058912116899e-10
185,SEMA5A,2.659,9.389229364639728e-10
186,MGST1,1.94,9.91948342243522e-10
187,FAM129A,1.452,1.0068088110253001e-09
188,SBSN,4.868,1.05789811863861e-09
191,LINC00842,2.622,1.21422487889218e-09
192,NLGN1,2.237,1.2395714415095898e-09
194,BSCL2,1.2209999999999999,1.35242781554033e-09
195,LAMC1,1.195,1.3958082407673198e-09
196,COL3A1,1.66,1.46421374645564e-09
197,CYP1B1,1.298,1.4788727336506198e-09
198,FAM20A,3.343,1.49841697196896e-09
199,SNX25,1.079,1.52562255784234e-09
200,TNFRSF8,2.472,1.55792337523126e-09
202,LACC1,1.7790000000000001,1.6315566247999801e-09
203,CADPS2,2.125,1.6534635817316298e-09
204,PROCR,2.1430000000000002,1.6894266500423498e-09
205,CTHRC1,1.206,1.7533761307742401e-09
206,PRG4,5.77,1.90655529303452e-09
208,PENK,4.5489999999999995,1.9911966831725698e-09
210,GRIN2D,2.197,2.1761824114775894e-09
211,NPY4R,3.529,2.19692993941958e-09
213,JAK3,2.015,2.3385633190213896e-09
216,OAF,1.936,2.4339265501916398e-09
218,RAB3IL1,1.588,2.57563557998411e-09
219,PDGFRB,1.515,2.7804584454481898e-09
220,IL1R1,1.985,2.9015726741187e-09
224,RAB27B,2.987,3.1541776478471004e-09
225,LINC01133,1.9769999999999999,3.15366588310188e-09
229,PAMR1,2.206,3.3182998245238103e-09
230,KCNA1,3.523,3.50986673051835e-09
231,CYBA,1.228,3.5209056581470295e-09
234,AGTR1,1.671,3.73362659233702e-09
235,LAMA4,2.417,3.8366453634232e-09
236,FBLN2,2.823,3.82149720309271e-09
237,RECK,1.421,3.89715256287854e-09
238,CD109,1.16,4.09994028745475e-09
243,EBF1,1.719,4.47144591155102e-09
245,GSTM5,2.596,4.69632215283188e-09
247,ADCY4,2.4619999999999997,4.95458494143323e-09
248,CLDN11,2.399,5.03776889818475e-09
249,KCNK1,2.186,5.2345293937226e-09
250,LINC00865,3.262,5.36990806379726e-09
252,SCN3A,2.6310000000000002,5.6351282389561e-09
254,GALNT12,1.976,5.877633982178421e-09
259,MMP23B,2.474,6.2833959472893295e-09
260,LINC00857,1.255,6.442298568326379e-09
261,SLC1A5,1.192,6.736703071299079e-09
262,ADGRL2,2.557,6.76778748146421e-09
264,ACKR3,2.8960000000000004,7.61476343150405e-09
265,RIPOR3,3.536,7.654657497450659e-09
266,DPYSL2,1.305,7.71109105954648e-09
267,CYP1B1-AS1,1.14,7.90033906588191e-09
268,FMOD,1.78,7.8939979222275e-09
269,DEPTOR,2.2319999999999998,7.98366445153329e-09
271,DCN,2.267,7.996241014387819e-09
272,LOC102546299,2.097,8.14803716437112e-09
274,HEG1,1.0290000000000001,8.43126220362254e-09
275,LINC01197,2.459,8.484930224587959e-09
276,IRAK3,2.0540000000000003,8.50052462398857e-09
277,FLI1,1.002,8.56279599863186e-09
279,MOXD1,2.044,8.87128593556772e-09
280,PPARG,2.838,9.02579479365182e-09
281,PTX3,2.366,9.07859689647868e-09
283,LINC02381,1.089,9.453819652365309e-09
284,APOL1,1.569,9.44595435014514e-09
286,DOK4,1.0979999999999999,1.01797113235894e-08
287,SERPINE2,2.086,1.0162968953272701e-08
289,GPR158,3.5269999999999997,1.06750869953446e-08
291,S1PR3,2.33,1.0767829162395502e-08
293,CACNA2D4,1.828,1.0999158700546499e-08
294,MEOX2,2.9760000000000004,1.1032280428007099e-08
295,PRKG2,2.944,1.11158998992525e-08
297,LBX2-AS1,1.217,1.1726849013674099e-08
298,MAPK13,1.425,1.1822065301778998e-08
300,AGMO,2.302,1.2233338327073302e-08
301,BRD2,4.718,1.23126172427643e-08
305,ANGPT2,2.127,1.3243062158996799e-08
306,ADAM33,2.753,1.36352664142344e-08
307,PCSK5,1.725,1.37298346658511e-08
309,LINC01140,1.8769999999999998,1.41800720737607e-08
310,TMEM130,2.658,1.42939034600658e-08
311,RELN,4.27,1.47551642448048e-08
317,IFITM1,2.826,1.52025176144482e-08
318,KRT23,3.9810000000000003,1.55694334350431e-08
323,EBF2,3.0589999999999997,1.57792308334476e-08
326,PLAGL1,1.22,1.6388569752034397e-08
328,NFATC4,1.413,1.7239766162527298e-08
331,S100A10,1.305,1.84233814494599e-08
333,CEMIP,1.7109999999999999,1.84988188427624e-08
334,ADAMTS12,1.295,1.94140018150273e-08
335,ABCA9-AS1,2.928,1.95070441123218e-08
336,PLEKHG4,3.137,1.95616502409909e-08
337,PAPSS2,1.6,1.97723796489238e-08
341,NHSL2,1.5619999999999998,2.1399286254697702e-08
342,PRRX2,2.252,2.21884997199186e-08
343,LOC102724849,2.7089999999999996,2.2427354963106498e-08
344,MGP,2.6860000000000004,2.2535049768974598e-08
346,TSLP,2.5669999999999997,2.4158693562128e-08
347,STAB1,2.903,2.50042044196678e-08
348,FMO2,4.868,2.49750124244895e-08
349,C6orf132,1.694,2.5128373131539397e-08
351,NGF,2.48,2.5515110773636804e-08
353,PLD1,1.771,2.7263242904001897e-08
354,EMP1,1.217,2.7632983456334902e-08
356,BHMT2,1.1420000000000001,2.8958716029088802e-08
360,TRABD2B,3.2969999999999997,3.06685276064722e-08
361,SLC6A9,1.5019999999999998,3.07929989978222e-08
362,TRH,4.99,3.11171971607031e-08
363,STAT4,1.584,3.14156577393415e-08
364,SULF2,1.801,3.18834279683856e-08
365,RGS5,1.8230000000000002,3.27391119175204e-08
369,BST2,2.676,3.39583721699299e-08
370,KRT18,3.002,3.40886494097291e-08
371,TRABD2A,1.3780000000000001,3.49206271132788e-08
372,WNT2,3.883,3.72895745161738e-08
376,EMILIN2,2.096,3.8825006462718793e-08
377,KCND2,1.847,3.99988325845906e-08
378,CPT1C,1.107,4.0077573541201606e-08
380,CA12,3.179,4.1589517014918605e-08
382,LINC01117,2.335,4.25298765385302e-08
384,TEK,1.895,4.31249695390685e-08
385,SAMD3,1.3,4.434958200027299e-08
386,NCOA7,1.177,4.63701396596196e-08
388,CYB561,1.4069999999999998,4.67374856284404e-08
389,MEG3,1.7690000000000001,4.78733305205549e-08
391,ALDH1L2,1.0759999999999998,5.01275894496028e-08
392,TWIST2,1.9509999999999998,5.0522144316873894e-08
393,COL12A1,1.43,5.08333046190141e-08
394,TPBG,1.376,5.26130590702594e-08
397,FAM102A,1.169,5.39431887423794e-08
399,CXCL5,3.287,5.60942897705025e-08
402,PLAG1,1.348,5.68886192272046e-08
403,KCNJ8,2.326,5.74559224096055e-08
406,TRPC4,2.164,6.02831863038034e-08
407,C17orf107,1.916,6.14404668765231e-08
409,ACTG2,2.695,6.34109117386387e-08
410,LSAMP,1.8119999999999998,6.40748831773936e-08
411,ANKRD37,1.501,6.50558225247408e-08
412,CCDC136,1.274,6.622093372278611e-08
413,RPP25,1.827,6.64585890719543e-08
414,CTSK,1.889,6.68210277868866e-08
415,G0S2,1.546,6.7394914333139e-08
418,ROBO2,1.801,7.13101271064989e-08
422,KITLG,1.541,7.363311197098791e-08
423,PRKCZ,1.798,7.454630616417751e-08
425,SERPING1,2.272,7.75885922662437e-08
426,TCF21,3.102,7.83236003695542e-08
427,IGF1,2.62,7.809911001826509e-08
429,HAGLR,2.737,7.894101659571169e-08
432,COL1A2,1.04,8.215410463293281e-08
433,MEIS3,1.393,8.35363016146584e-08
437,LINC00968,2.228,8.989843083111359e-08
439,ACSS1,1.591,9.366714411551419e-08
441,FBN1,1.321,9.47418400050851e-08
443,NAALADL1,1.4140000000000001,9.78140706274078e-08
446,KRT8,1.8980000000000001,1.07029844020684e-07
448,LOC102724684,2.4330000000000003,1.0916137623936998e-07
449,LOC107984360,2.346,1.1209905172521e-07
453,MBP,1.2830000000000001,1.2394267590406802e-07
455,FCGR2A,2.1830000000000003,1.28107880043752e-07
456,PLA2G1B,2.278,1.29110736816799e-07
457,PLPP2,1.169,1.30391788025335e-07
459,ARAP3,1.5490000000000002,1.3341178716535197e-07
460,PTK2B,1.425,1.33994553718717e-07
461,COL4A5,1.883,1.35584316895758e-07
467,GJC2,1.599,1.4846895030628199e-07
469,LINC00517,2.8810000000000002,1.53780151297609e-07
470,C9orf47,2.121,1.54151787383754e-07
474,FLNB,1.067,1.60105379167181e-07
475,CCDC170,1.401,1.60533140973318e-07
476,MID1,1.445,1.6334254631206e-07
477,ZNF423,1.3530000000000002,1.67090630113763e-07
478,TMEM229B,1.089,1.68158043467678e-07
480,NABP1,1.672,1.69971532228054e-07
481,MFSD7,1.046,1.71239747315949e-07
482,GATA6,2.272,1.73710329005357e-07
483,SLC12A8,1.209,1.74784048442608e-07
484,PON3,2.867,1.7544108390212e-07
486,CCDC69,1.4480000000000002,1.80815840683008e-07
488,ARHGAP25,1.516,1.82333582200065e-07
489,SLC16A7,1.229,1.83822420988606e-07
490,TMEM200A,1.2209999999999999,1.85402963533739e-07
491,MANSC1,1.528,1.8876826966154801e-07
496,LINC01021,2.084,1.93282118345306e-07
497,NXF3,3.2889999999999997,1.94313036317339e-07
498,ANKRD33B,1.4609999999999999,1.9573850271425397e-07
499,KIF5A,2.338,1.97779666400811e-07
501,OSMR,1.045,2.0374301907972397e-07
502,MELTF,1.296,2.08443327833847e-07
506,HMCN1,2.0269999999999997,2.1205608525015e-07
513,CLEC3B,3.3,2.3347364337579603e-07
515,ADD3,1.052,2.3868457938193e-07
516,NAP1L2,2.0980000000000003,2.39508442942804e-07
517,S1PR2,1.371,2.42224670365037e-07
518,IFITM3,1.15,2.43147249809185e-07
519,ARHGEF19,1.11,2.45247268422042e-07
522,AKNA,1.062,2.6726091667163896e-07
524,PTGIR,1.564,2.7128622606879396e-07
525,LOC100129138,2.799,2.72903107476156e-07
529,NHLRC4,1.8259999999999998,2.9262853547796897e-07
530,RGS7BP,3.236,2.94320369806824e-07
532,ST3GAL6,1.169,2.9750665743225104e-07
539,GPR1,1.008,3.11598718975392e-07
541,SRPX,1.433,3.1107867392435605e-07
543,ADCY3,1.527,3.1303825208213897e-07
545,TMEM204,2.12,3.22696094406432e-07
547,OSR2,1.797,3.281349140353e-07
551,GSTT2B,5.372999999999999,3.33322143849652e-07
553,VEPH1,1.611,3.34274771119868e-07
558,IFI27,2.106,3.4095191578624203e-07
561,ADGRA2,1.0270000000000001,3.45989564876727e-07
562,CALML6,1.3519999999999999,3.46698718815592e-07
564,TES,1.046,3.54489739489205e-07
569,AFF3,2.001,3.65477802594794e-07
570,LINC01426,1.3880000000000001,3.68195124061901e-07
571,HAPLN1,3.366,3.71724962619867e-07
572,BMP6,2.505,3.74024509025039e-07
573,PTCH2,1.72,3.76001159500204e-07
574,RGMA,1.207,3.87614301493964e-07
576,CARD16,2.8539999999999996,3.94126166017945e-07
580,HAND2,2.958,4.04117620755062e-07
584,SLC1A2,1.117,4.2197538095197895e-07
585,RAB36,1.307,4.22687568065816e-07
588,CNTN3,1.8019999999999998,4.3547841163820104e-07
589,KDELR3,1.061,4.35750884362315e-07
590,LINC01296,1.149,4.3661681948068707e-07
592,COL6A3,1.855,4.4052963478791506e-07
597,ZG16B,2.373,4.67186677250118e-07
600,IL18R1,2.694,4.6996917128647605e-07
602,MS4A6A,1.501,4.7345190105255396e-07
605,C1orf54,1.207,4.79606066754522e-07
612,LOC101927751,1.758,4.99580898246595e-07
613,ENPP2,2.338,5.02015686948772e-07
615,LINC01048,2.463,5.09782798846143e-07
617,HOXD4,2.319,5.22370945357815e-07
618,IFNE,1.923,5.25970090216396e-07
619,HAND2-AS1,2.9819999999999998,5.28836714202542e-07
623,KLHDC7B,3.583,5.45066316476015e-07
625,DPYSL3,1.32,5.493919981754721e-07
626,ODF3B,1.9569999999999999,5.51947026636647e-07
628,OR51E2,1.7890000000000001,5.61259497155379e-07
639,DRAM1,1.216,6.445851960634261e-07
643,NRXN3,1.357,6.897302061605721e-07
645,ZFP42,1.754,6.98892775058786e-07
653,CALCRL,1.2890000000000001,7.23815117715788e-07
654,ICAM1,1.5619999999999998,7.23566524223904e-07
657,COL5A1,1.092,7.27703879659045e-07
658,LOC105377439,2.903,7.296015191861309e-07
659,NLGN3,1.581,7.306665189435329e-07
660,C4B_2,4.024,7.38269301764472e-07
661,CYP11A1,1.811,7.40630232240477e-07
663,TRIB3,1.433,7.71080596755326e-07
664,CACNA1C-AS1,1.984,7.820675381520459e-07
665,ROR1,1.271,8.04530418502637e-07
669,RGL1,1.0190000000000001,8.19531599506339e-07
676,NID1,1.3259999999999998,8.658421454374909e-07
677,CBSL,3.65,8.7175787139952e-07
678,RHOJ,1.4709999999999999,8.822407498528792e-07
682,SCARA3,1.189,9.07279536823979e-07
683,THSD4,1.3869999999999998,9.10495591175362e-07
686,CSGALNACT1,1.422,9.36554247923958e-07
687,CPNE8,1.228,9.354974055543159e-07
688,ACKR4,2.873,9.529272313136791e-07
689,MYH11,2.333,9.557696185281857e-07
693,ACSL5,1.797,9.728103881285358e-07
696,PPL,2.478,9.87934273309058e-07
699,LINC01969,1.955,1.0046129914258698e-06
701,NOSTRIN,1.571,1.0232589958506799e-06
702,TMEM30B,1.5830000000000002,1.03105302902395e-06
703,CDX1,2.156,1.05245601333833e-06
704,UST,1.114,1.0533665587386699e-06
708,CARD11,2.8280000000000003,1.06633362971148e-06
713,SHOX2,1.673,1.16115749958197e-06
717,LMO7-AS1,1.5959999999999999,1.20575876518479e-06
718,LY6E,1.261,1.2252614868307e-06
721,PODN,1.518,1.30048893889839e-06
722,C1QTNF7,2.166,1.30341272360411e-06
731,FAM43A,1.6669999999999998,1.33693726992005e-06
732,COL16A1,1.255,1.33631412126993e-06
736,SLC39A8,1.087,1.44216928463046e-06
738,DUXAP10,1.3,1.48255255349491e-06
744,HOXD1,3.023,1.58304837782079e-06
745,FAM19A3,1.676,1.60392346005115e-06
747,EGFR,1.147,1.6166377271423001e-06
748,PLCB1,1.65,1.63342156633836e-06
750,EPSTI1,1.535,1.68310838749077e-06
751,OSR1,1.787,1.71564655827705e-06
755,MRVI1,2.205,1.7311110720967e-06
757,RAB39B,2.204,1.7590775196035801e-06
761,C1R,1.6159999999999999,1.7735256457990399e-06
762,CXCL12,1.4869999999999999,1.77190987303798e-06
764,PCNX2,1.0090000000000001,1.7862795108363e-06
765,IL1RL2,1.574,1.79837802591325e-06
768,PCOLCE-AS1,1.983,1.8319016877204499e-06
771,BICC1,1.26,1.8689623311003201e-06
774,ANGPTL5,3.0639999999999996,1.92007462528607e-06
777,GDF7,2.189,1.9804744585081e-06
779,AOX1,1.229,1.98205940815943e-06
783,KCND1,1.43,2.03416878606553e-06
785,ERG,1.7919999999999998,2.0665524442390802e-06
787,C4A,3.738,2.0778106940208098e-06
793,SH3BP5,1.124,2.13244209622829e-06
795,FAM43B,1.399,2.16081459760418e-06
797,MRGPRF,1.483,2.20226255538646e-06
798,BHLHE41,1.18,2.20604978581206e-06
802,LOC541472,1.6380000000000001,2.26737832474652e-06
803,FBLN1,1.619,2.2718876364327003e-06
805,TNFRSF11B,1.216,2.32015956825621e-06
808,RGS10,1.041,2.34502862571443e-06
809,IFIT1,1.579,2.37346514545025e-06
812,HIC1,1.208,2.4133728251846198e-06
815,ACOT12,3.127,2.47362036883558e-06
823,SMCO3,2.872,2.63717786108498e-06
824,ST6GALNAC3,3.2539999999999996,2.6776130580868803e-06
826,PLXNA4,1.91,2.6949111153680197e-06
829,ELANE,3.838,2.71524785153227e-06
832,FHOD1,1.1420000000000001,2.80832180148221e-06
838,CYP4X1,2.9760000000000004,2.94758995468235e-06
839,ELOVL2,1.2,2.95715156236539e-06
840,HACD4,1.117,2.9917438765582002e-06
841,CSRNP3,2.366,3.02411091410019e-06
844,FGF18,1.2819999999999998,3.0784706632610698e-06
850,GFPT2,1.605,3.1925970309217097e-06
852,MEST,1.048,3.2513095411137403e-06
853,LBX2,1.5319999999999998,3.28392032079525e-06
855,LOC101929130,1.778,3.35608777607016e-06
859,ANGPT1,1.091,3.45395907758573e-06
862,FOXF2,2.438,3.47637978124139e-06
863,ATF5,1.173,3.47841412515672e-06
871,ERCC6,1.3019999999999998,3.60692080829208e-06
873,EPHA5,2.7430000000000003,3.66313228430961e-06
877,VAT1L,5.362,3.7020840407825e-06
879,TINAGL1,2.1,3.7689640329400704e-06
882,BEX1,2.525,3.87083483615072e-06
885,MMP23A,3.375,4.0086399722366e-06
889,SCRG1,1.89,4.01273831861016e-06
890,LINGO1,1.766,4.05074770651871e-06
891,CX3CL1,1.604,4.03029445089362e-06
893,KRT19,2.37,4.04069548989152e-06
896,CPXM1,2.947,4.05761955599748e-06
897,PRR15,1.626,4.09693906797754e-06
899,PTPRH,1.5219999999999998,4.19872128756671e-06
903,GPR65,2.5669999999999997,4.30550245415253e-06
907,UPK1B,2.082,4.50275582903528e-06
909,SAMD11,1.55,4.55841028354227e-06
913,ZDHHC23,1.24,4.63006243394542e-06
915,FMO3,3.147,4.66056484239231e-06
921,MMP16,1.892,4.85681808297124e-06
922,TC2N,2.3680000000000003,4.90098187984096e-06
924,NTNG1,2.069,4.9436628595703495e-06
926,CA3,4.302,5.124474188550071e-06
928,LMOD1,1.281,5.17103986961169e-06
932,ANXA8,1.595,5.32345318286714e-06
934,DPH6-AS1,1.6740000000000002,5.37851893790125e-06
937,CBR3,1.062,5.452810059735041e-06
941,SORCS2,1.09,5.6652944031172005e-06
942,TIMP4,1.899,5.69569692104084e-06
944,CNTN5,4.235,5.78318319652108e-06
945,SYNGR3,1.215,5.8076268389053396e-06
956,SMIM14,1.011,6.10415480545278e-06
959,PTHLH,1.455,6.1696612639297095e-06
961,RDH10,1.173,6.241183558365609e-06
964,AKAP12,1.655,6.22769152526752e-06
965,ZFP36L2,1.212,6.28704746130709e-06
967,FAM196B,1.784,6.38669239602524e-06
971,MIR770,2.157,6.6767939630397305e-06
972,ARHGEF5,1.085,6.730539860490071e-06
982,KCNS2,1.709,7.0072408410982895e-06
983,COL9A3,2.377,7.121178211347819e-06
986,SERPINA3,2.221,7.22978611536396e-06
987,CPE,1.58,7.2395652145511e-06
989,LOC101927120,2.9,7.25152170272715e-06
991,RNF112,1.754,7.329740637406039e-06
993,FAM46B,1.588,7.42934110179792e-06
994,HIST1H2BD,1.166,7.42711540805254e-06
997,RTP4,1.3430000000000002,7.51097698813425e-06
1001,SCUBE3,1.7280000000000002,7.57022350903204e-06
1014,NCAM2,1.619,8.21140584354429e-06
1020,PLP1,2.052,8.47909969772004e-06
1021,IL18,1.855,8.62360220818425e-06
1024,LINC00601,1.829,8.65653983204037e-06
1026,CGREF1,1.7990000000000002,8.749391508470109e-06
1029,WNT11,1.932,8.77646169814806e-06
1039,PLN,2.191,9.16237185622404e-06
1040,MOB3B,1.263,9.24549742711984e-06
1042,SNHG18,1.278,9.2587968380806e-06
1045,SFRP4,1.3430000000000002,9.356934226429649e-06
1048,NTRK2,2.436,9.50717249014228e-06
1052,RNF212,1.466,9.60525684385738e-06
1059,ACAN,1.399,9.953386934997e-06
1076,SAMD14,1.1840000000000002,1.095425627686e-05
1077,CAMK4,1.185,1.10714596775009e-05
1078,SPOCK1,1.107,1.10786820420884e-05
1079,FMO1,2.975,1.12330509823141e-05
1081,C1RL,1.1,1.1379479537316301e-05
1085,SPOCK3,2.845,1.15492141763862e-05
1087,HIST1H2BK,1.205,1.1667190197370098e-05
1090,ADM2,1.1640000000000001,1.1759240959327e-05
1094,SLC22A3,3.215,1.20616792905535e-05
1096,PTGDR,2.2569999999999997,1.2190481017013198e-05
1097,SRGN,1.2009999999999998,1.22800139882342e-05
1098,CTTNBP2,2.1630000000000003,1.23200073632548e-05
1100,LINC00933,1.141,1.26781456991777e-05
1105,ALDH1A3,2.241,1.2990664436344199e-05
1109,CLEC14A,2.275,1.31580116818742e-05
1112,ENTPD1,1.1079999999999999,1.3290485771501401e-05
1116,LRRK2,1.354,1.34935856441586e-05
1120,PSG5,1.555,1.3882675443294102e-05
1123,NFKBIL1,4.522,1.42970520063846e-05
1124,PALM,1.057,1.4327860204850101e-05
1129,IL33,2.56,1.46055743973763e-05
1131,RXFP1,1.9409999999999998,1.47532597728177e-05
1142,GABRE,1.262,1.5274825577783403e-05
1143,ZFYVE28,1.232,1.5720524374737102e-05
1145,BMPER,1.713,1.57872718509704e-05
1146,HGF,1.756,1.57877329717862e-05
1149,GYPE,1.518,1.62469177146077e-05
1152,MYH10,1.04,1.63609097987666e-05
1155,SNCAIP,1.49,1.65137150831573e-05
1157,VASN,1.42,1.6544094876299403e-05
1162,FLNB-AS1,1.305,1.6982329917254402e-05
1164,AOC3,1.7890000000000001,1.7044421219104597e-05
1169,CDC42EP5,1.564,1.73951297697024e-05
1172,SCARF1,1.288,1.76011536987561e-05
1180,JAKMIP3,1.14,1.82443654802392e-05
1181,STMN3,1.042,1.8251522634858604e-05
1182,TGM2,1.624,1.82599782190395e-05
1192,PCOLCE2,2.158,1.91153394536188e-05
1193,C1QL3,1.225,1.91828318833855e-05
1195,IL20RB,1.9140000000000001,1.9408368649044896e-05
1197,HRH1,1.304,1.9560501388980802e-05
1200,DNM1,1.45,1.97431665503543e-05
1205,CNTNAP1,1.357,2.00581114119495e-05
1206,AADAC,4.322,2.0329490185899e-05
1208,LINC00974,2.356,2.04971588804684e-05
1209,PCDHB3,1.209,2.05049779776155e-05
1214,ISLR,1.268,2.1083541532065e-05
1218,BHMT,1.419,2.1789598848620497e-05
1223,COL6A1,1.005,2.1974462257875197e-05
1228,MEG9,1.54,2.2425634992339102e-05
1238,SLC13A3,1.444,2.31935028814536e-05
1240,GREM2,1.609,2.32931229833446e-05
1242,NYAP1,2.191,2.3638454263657102e-05
1246,LINC01139,2.19,2.37989701926377e-05
1247,LTBP4,1.149,2.39748320037036e-05
1254,P3H2-AS1,2.15,2.4639660378572798e-05
1255,FN1,1.155,2.48209933696049e-05
1257,TMEM253,1.557,2.52758661979472e-05
1260,APOBEC3D,1.032,2.55012560730917e-05
1261,BMP5,4.238,2.56365637737893e-05
1262,SERPINB2,2.282,2.5651140002682e-05
1271,TACR1,1.969,2.61097893558858e-05
1273,CSTA,1.605,2.6212479813465803e-05
1275,BANK1,1.482,2.6610601942119502e-05
1276,OPCML,1.695,2.67235259446113e-05
1277,OR2A20P,1.614,2.67734808673404e-05
1280,LRIG3,1.1,2.70357393693838e-05
1283,LINC02076,1.327,2.71512520828219e-05
1288,F2RL2,1.492,2.7622502792337395e-05
1294,FAM9B,2.281,2.8296725634228003e-05
1301,ARMC12,1.587,2.91183476114586e-05
1303,OR2A7,2.202,2.92719955780036e-05
1304,MUC1,1.008,2.93281595227601e-05
1317,RCOR2,1.3,3.0602286103825204e-05
1323,GDF10,3.014,3.10231967513273e-05
1325,CNKSR2,1.538,3.13581435804508e-05
1329,APOD,1.702,3.1741114592912e-05
1331,HFM1,1.3630000000000002,3.21735569136829e-05
1343,PRPH2,1.178,3.35989192135713e-05
1348,ST6GALNAC5,1.037,3.41594096335567e-05
1350,CYB561D2,1.485,3.42534739398123e-05
1352,METTL7A,1.0759999999999998,3.44372661780603e-05
1356,CDH3,2.01,3.49997608821098e-05
1357,CAPG,1.083,3.50051519591556e-05
1358,LOC400553,1.337,3.52554597656117e-05
1369,CDH10,2.501,3.8008511183394204e-05
1370,GPRC5A,1.286,3.81079289329226e-05
1376,SH2D3C,2.5340000000000003,3.850797385962561e-05
1379,LOC101929523,1.11,3.86814251816225e-05
1382,CEND1,1.177,3.90017416232848e-05
1383,RIPK3,2.256,3.9006646847437e-05
1388,LYPD1,2.041,3.9509987801713504e-05
1389,CCR10,1.6880000000000002,3.96346604990089e-05
1392,MLKL,1.01,4.00606886250121e-05
1393,CFHR1,1.3090000000000002,4.05031898251568e-05
1394,SLC9A5,1.4480000000000002,4.0476354329551e-05
1399,KCNK2,1.169,4.17176047397086e-05
1401,C5orf17,1.3980000000000001,4.28262235016849e-05
1404,CPXM2,3.012,4.31688402837889e-05
1416,MFSD2B,1.29,4.59601472383926e-05
1424,MICAL2,1.002,4.748938959959121e-05
1429,LOC100129940,1.599,4.91668041545414e-05
1431,FHDC1,1.045,4.93318709110301e-05
1446,MAN1C1,1.301,5.2201556160056394e-05
1449,MT1G,1.3840000000000001,5.30080999843755e-05
1450,LINC00954,1.0290000000000001,5.29609625935363e-05
1464,DKK1,1.429,5.40058436358974e-05
1465,SYNDIG1,1.119,5.4414662061754904e-05
1466,JADE2,1.087,5.43909650449436e-05
1467,WNT10B,1.2930000000000001,5.46929418753396e-05
1470,KANSL1-AS1,1.187,5.54090428276489e-05
1477,NEFL,1.4340000000000002,5.7581878857107494e-05
1482,PLK5,2.5140000000000002,5.8314580471258494e-05
1483,CDH18,2.082,5.84412611719114e-05
1484,MIR409,2.562,5.8497863310192505e-05
1487,MICA,3.319,5.8912385569391506e-05
1498,PRELP,1.251,6.0870338899733104e-05
1499,TRPC6,2.171,6.0986988484922105e-05
1503,EGFL6,4.159,6.218055270434039e-05
1505,HIST1H4I,1.109,6.26672772563659e-05
1511,MX2,1.3259999999999998,6.38312506734233e-05
1512,SCN9A,1.27,6.3962752452292e-05
1519,MN1,1.157,6.44021809568474e-05
1521,FKBP9P1,1.3090000000000002,6.44588113327952e-05
1522,LINC00924,2.226,6.45136499374087e-05
1528,HTR1F,1.9169999999999998,6.51484466460634e-05
1529,GSC,2.124,6.58501075167321e-05
1539,CFTR,1.3259999999999998,6.834059547085501e-05
1551,FAM212A,1.075,7.02293471940335e-05
1562,PACERR,2.109,7.41129998125063e-05
1566,SLC19A3,1.288,7.469690893714241e-05
1572,FRMPD4,1.993,7.665931956000641e-05
1573,P2RY1,1.865,7.75935328494114e-05
1576,KDR,2.415,7.82152200278665e-05
1578,IL26,2.783,7.84338523468803e-05
1581,GJA1,1.079,7.866620043456509e-05
1583,PKIB,1.2009999999999998,7.92769621743859e-05
1585,PSCA,1.564,8.00021934530511e-05
1586,MYBPC1,3.612,8.007464196583721e-05
1588,STEAP2,1.2590000000000001,8.084035693504571e-05
1597,PHYHIP,1.228,8.209287817150429e-05
1601,KRT222,3.6189999999999998,8.27768265668427e-05
1607,ZP1,2.214,8.463926632231129e-05
1609,PDE3A,1.5390000000000001,8.459082906934351e-05
1617,CNTNAP3,1.7690000000000001,8.6370456054306e-05
1618,CHRNE,1.73,8.65690478733338e-05
1619,ZBED9,1.385,8.666602217064e-05
1620,MST1R,1.0170000000000001,8.681394987623829e-05
1629,LOC100130417,1.227,8.969273417159641e-05
1637,C4BPA,2.448,9.349624299514649e-05
1638,GRK5,1.18,9.41200676950547e-05
1640,MMP3,1.993,9.545565852529e-05
1641,ADAMTS3,1.4180000000000001,9.54470565363591e-05
1642,ROR2,1.8219999999999998,9.53525081502905e-05
1643,PAPPA,1.465,9.55750027767722e-05
1655,ARHGEF4,1.213,9.812399031695821e-05
1661,NOVA1,1.422,0.00010066465337006
1668,IL1R2,2.5780000000000003,0.00010252931370350601
1670,PPP1R1B,1.976,0.000103056836022113
1672,CASC10,1.03,0.00010497642789406
1675,HOXD9,1.548,0.000106167029415078
1676,SPESP1,1.525,0.000106743539757669
1684,RAC2,1.406,0.00011245198908323301
1690,MYH15,2.099,0.000115418842940689
1693,BGN,1.702,0.00011616426502656999
1695,PCP4L1,1.7469999999999999,0.00011680259791575701
1696,IRF4,2.2880000000000003,0.000117530062819821
1701,CH17-360D5.1,2.798,0.00011941224532598201
1702,TREX2,1.251,0.000119028532852618
1714,LINC02204,1.256,0.000120801059299577
1722,PDE7B,1.22,0.000123835735428735
1726,FAM131B,1.074,0.00012546705421226498
1730,PDE1C,1.3019999999999998,0.00012621193070516202
1731,CD163L1,2.401,0.00012642902881303898
1745,LINC00896,1.7080000000000002,0.000132140934816256
1748,KCTD16,1.3430000000000002,0.000132938099872375
1749,TMEM240,1.247,0.0001330302187509
1758,SLC27A3,1.236,0.00013614002867373898
1764,MYOZ3,1.294,0.000138103880417609
1774,LINC01151,2.4730000000000003,0.000142327831641846
1775,LOC643733,1.291,0.000142357427984657
1776,CRYBG1,1.0959999999999999,0.00014226700116430402
1784,CES4A,1.171,0.00014756432921330702
1794,LOC105375929,2.47,0.00015468772573481998
1800,MATN4,3.135,0.000156812645206478
1807,COL14A1,1.459,0.000159335577727353
1809,LOC105375166,2.086,0.0001597902153659
1814,HIST1H2AG,1.021,0.00016345078464103
1822,CXADRP3,3.07,0.000168846899871989
1825,LONRF2,1.167,0.000169309717792024
1826,LEPR,1.13,0.000169521241860365
1827,TNFSF10,1.3330000000000002,0.000169780808079271
1832,FGF7,1.24,0.000171472210733443
1852,STXBP2,1.103,0.00017935114619877098
1853,CNN1,1.6540000000000001,0.00017983209785081298
1854,KCNS1,1.436,0.000182391114244303
1872,LINC01886,1.4269999999999998,0.000192258810378379
1885,EPHB6,1.013,0.000198275405642148
1899,LOC100240734,1.507,0.000206244723421108
1912,SLFN11,1.258,0.000209875886618179
1914,SLC23A3,1.15,0.000210107553292251
1918,C4B,1.56,0.00021244649053041298
1926,TSKS,1.462,0.00021492588678310502
1927,IQGAP2,1.0659999999999998,0.000215418723509506
1928,PCDHGA12,1.079,0.00021542545087683502
1931,CNTNAP3B,1.534,0.000216777873998064
1933,BCHE,2.3409999999999997,0.000220038038074132
1934,LINC01085,2.489,0.000220033689069898
1939,NKD2,2.432,0.00022348994073683102
1943,MIR143,1.229,0.00022488534997762598
1949,LPAL2,1.008,0.00022682282849127003
1959,HAAO,1.439,0.00023343049043507598
1960,SMIM21,2.0869999999999997,0.00023367055941014102
1961,COL4A6,1.569,0.000233584238508087
1967,COL4A1,1.32,0.000235401767987692
1971,SPTA1,1.875,0.000239006886148721
1979,DEF6,1.236,0.000242246833000111
1988,INMT-MINDY4,2.261,0.00024849942754215696
1994,IRX2,2.846,0.000251804822042412
2005,SNORD113-3,1.865,0.000257105905153537
2014,PTPRT,2.1719999999999997,0.000261892191343025
2015,P2RY14,3.8680000000000003,0.000261799154347778
2020,COMP,1.704,0.000263637878414304
2025,TRIM46,1.093,0.00026926225440279504
2026,PLCE1-AS1,1.109,0.000270792575522312
2047,PIP5KL1,1.024,0.000289354418578594
2051,TMOD4,2.323,0.0002904480781097
2065,C10orf53,1.507,0.000297546161849598
2068,KIAA1324L,1.218,0.000298366811594538
2070,NDUFA4L2,1.766,0.000299339759981637
2073,PLPPR5,2.103,0.00030131174769609
2076,PGR,3.092,0.00030405941048094597
2081,EVI2B,1.755,0.000305355117997999
2082,SLCO2A1,1.589,0.000305969682225194
2097,RTL1,1.6680000000000001,0.000317567144385787
2101,GPR146,1.16,0.000321517360035446
2103,SLC12A1,1.5230000000000001,0.000323042504816789
2106,FAM105A,1.29,0.000325496419241588
2119,GOLGA8O,3.466,0.00033600467867639903
2127,MOV10L1,1.0070000000000001,0.000345758424048311
2130,SERPINB11,2.937,0.00034888722232350697
2132,ARHGEF35,1.204,0.000349641868410833
2134,FRG2C,1.474,0.000355815194344643
2145,ABCD2,2.013,0.000371206609745153
2154,LINC02102,1.396,0.00037970322235821496
2158,PSMB9,1.136,0.000382192552655897
2162,MEDAG,1.074,0.000389282558314317
2166,SLC7A14,1.044,0.000390005398889637
2169,IL16,1.12,0.000390420343700788
2173,LINC00200,2.734,0.000392600679360877
2187,ROR1-AS1,1.013,0.000404567655687071
2198,TNFRSF11A,1.635,0.000410138117502237
2204,MIR656,2.004,0.00041724626158551
2208,CT62,1.4769999999999999,0.00041958653273498303
2217,SH3TC1,1.287,0.000427362679455146
2234,MLN,2.342,0.00044482326598917004
2236,EPN3,1.255,0.000450168783992361
2241,TRIM47,1.127,0.00045308897735118895
2255,ARHGDIB,2.024,0.00046710636364435303
2261,LINC01915,1.745,0.00047517062280410193
2266,C20orf141,3.34,0.000480519467127426
2267,HTR2B,1.555,0.000481184647008661
2269,RASGRP1,1.1740000000000002,0.000482729649216437
2272,C9orf50,1.113,0.00048542336495425195
2299,ZNF467,1.419,0.000510548439543555
2304,ANXA10,1.716,0.0005124534454878269
2318,LOXL3,1.082,0.000533662269434964
2326,PHF1,1.247,0.000543462997579021
2331,NXPH3,1.3769999999999998,0.000546848060538479
2336,SCN4B,2.7289999999999996,0.000551295576084313
2346,MEG8,1.052,0.0005650672758140669
2370,GPSM3,1.4769999999999999,0.00058583614202458
2380,POSTN,1.54,0.000591743380719259
2381,STRA6,1.472,0.000593524072852737
2385,FAM81B,2.089,0.000601272424766592
2401,DMKN,1.238,0.000620601256775705
2407,LOC101929839,1.167,0.000629371435224766
2410,LIPM,2.32,0.0006337699923357299
2421,MEIS2,1.023,0.000644814440205297
2432,CXCL2,1.619,0.0006616203966025111
2441,HGD,1.482,0.000678295870262531
2445,CCDC184,1.135,0.000687084223655783
2454,OR2A42,1.651,0.000705041940003825
2458,GNGT2,1.465,0.0007094136672114941
2470,LINC01168,2.242,0.0007229482254097411
2476,B3GALT4,1.023,0.0007306035009584111
2486,CFI,1.39,0.0007478158599682531
2487,HNRNPA1P33,1.742,0.000750541151750534
2498,PDXDC1,1.044,0.00076371176308311
2499,HLA-DOB,2.414,0.000765495979750347
2506,TTLL6,1.929,0.000774254465062188
2510,LINC02323,1.847,0.000778311095463866
2511,DIRAS2,1.103,0.0007790413326049559
2516,LINC01152,1.003,0.0007813938444685691
2529,CSMD2,1.105,0.000798758328555858
2531,KLK1,2.458,0.00080197772837988
2537,NPY1R,2.0869999999999997,0.000816170521598871
2563,KCNA4,2.249,0.000852366350642234
2564,LIN7A,1.276,0.000852139457385759
2572,ANPEP,1.035,0.000871996064483451
2574,MRVI1-AS1,1.6340000000000001,0.000882022488932708
2577,LYVE1,2.121,0.0008839669493958391
2583,KLF14,1.755,0.000892098127014367
2590,HPSE,1.1520000000000001,0.00089842682923952
2604,FGL2,1.097,0.000912849132204398
2605,CHST1,1.7180000000000002,0.00091345021950951
2606,TNC,1.0170000000000001,0.0009163729972304391
2633,ERAP2,1.3519999999999999,0.00096871616777163
2639,CHI3L2,1.565,0.000982362711046846
2641,AHR,1.883,0.0009829458788044641
2662,RERG,1.188,0.00101313892479879
2671,HIST2H4A,1.01,0.00101999081325625
2689,COL4A2,1.021,0.00104930872030398
2703,SUCNR1,2.401,0.00108432918371221
2716,GUCY1A3,1.507,0.0011088414011060901
2724,ITM2A,2.199,0.0011319655029196
2727,LINC01050,2.863,0.0011333424130658
2734,OAS2,1.3730000000000002,0.0011422859415093
2740,C2,1.227,0.00115855555984094
2741,ADH1A,1.051,0.0011602338923398401
2746,CYSLTR1,1.177,0.00116708400702046
2756,MYOM2,1.925,0.00118729893441509
2766,ADGRL4,1.16,0.00120975258874886
2779,ERBB4,1.285,0.00123245710061161
2791,C3orf70,1.127,0.0012526003074390401
2809,LINC00484,1.765,0.00129460563164315
2813,LINC01637,1.4609999999999999,0.00130852163561154
2817,SNAI3,1.3880000000000001,0.0013106130836938099
2825,SORCS3,2.197,0.0013253186016649698
2845,GPR176,1.112,0.0013700624240570599
2856,PHEX,1.2,0.0013919432720404699
2859,GRIN2A,1.581,0.00139692470655769
2861,ITGA9,1.1909999999999998,0.00139991054758792
2862,IFI44L,1.5919999999999999,0.00140286900453927
2869,TULP2,2.202,0.0014223176696601199
2872,C7orf61,1.117,0.00142456459085205
2885,ABI3,1.35,0.00146313015037695
2900,STEAP1B,1.5430000000000001,0.00149628469310162
2903,CDHR4,1.178,0.00149824998192958
2905,MROH2A,2.042,0.00150462754457556
2908,ST6GAL2,1.294,0.0015082958820466302
2917,CP,1.051,0.00153614618490205
2928,ST3GAL6-AS1,1.409,0.0015646820947032801
2950,GPR37,1.808,0.0016088332991829998
2952,ELFN1,1.056,0.00161834818284905
2954,DACH1,2.419,0.00162304435146433
2958,FOXF1,1.715,0.00163492918445905
2965,GIMAP2,1.058,0.0016599679058376
2994,TBX18-AS1,1.105,0.0017511897065844802
3003,GPC5-AS1,1.492,0.00177477198288713
3011,SERTAD4,1.005,0.00179423744573487
3013,LINC00398,1.854,0.0018010763498537698
3017,LOC105376382,1.103,0.0018063997581662802
3021,DDX53,1.9769999999999999,0.00182380618001428
3030,LOC101929268,1.314,0.0018442192170217
3035,SCN7A,1.178,0.00185642336617528
3048,CLUL1,1.01,0.00190127381044807
3060,LGI2,1.464,0.0019316743231738301
3071,ERICH2,1.65,0.0019519855834127398
3087,GOLGA6L9,1.016,0.0019940152550911396
3094,CLDN7,1.305,0.00201027033036463
3099,PRSS35,1.237,0.00201292876150151
3132,GBP6,2.063,0.00207395642588586
3140,CLCNKA,1.06,0.00208960512913565
3154,EVA1C,1.102,0.00212099132858024
3155,C1orf158,1.01,0.00212598141745032
3172,ZNF804A,1.3659999999999999,0.00219401333709332
3173,FAM162B,1.589,0.00219295270143188
3178,C8orf74,1.369,0.00220458475064782
3185,LRRIQ4,1.619,0.0022268514793425303
3186,LOC105369921,1.939,0.0022278899959809802
3190,RSPO2,1.692,0.00223987654671227
3196,SSTR1,1.158,0.00225692164285965
3199,PTGDR2,1.92,0.00226838520751754
3212,CD70,1.327,0.00230873554840073
3216,MIR199A1,1.8459999999999999,0.00232080777673875
3218,ADGRG4,1.7180000000000002,0.0023304536327536
3241,PDGFRL,1.6369999999999998,0.00240710982805733
3272,PPFIA2,1.651,0.0025122898207893397
3281,CYP2W1,1.381,0.0025620951751014
3285,OTX1,1.272,0.00257424636698309
3286,SERPINA11,1.163,0.00257398187369592
3288,CA11,1.054,0.00258105782488692
3301,MIR541,1.954,0.0026325707000613603
3309,EREG,1.1420000000000001,0.00265330084496986
3312,SEMA5B,1.545,0.00267499362152935
3315,LAMA1,1.065,0.00267997797846287
3341,GRM5-AS1,2.053,0.00280234516294554
3344,MIR410,1.706,0.0028082738950948602
3345,TSPAN8,1.663,0.0028110109680989
3363,TEX36,2.041,0.00288396040371135
3373,LOC105373805,1.636,0.0029187647007869397
3378,HLA-B,2.369,0.0029443350092478
3403,SENCR,1.197,0.0030254887533334197
3415,FAM167B,1.0090000000000001,0.00307602080566024
3417,CLGN,1.124,0.0030824272816338
3434,MYOC,1.2930000000000001,0.00313002571833303
3435,MARVELD2,1.7590000000000001,0.00313129299787497
3453,MALL,1.1179999999999999,0.00320824068674928
3456,COLEC12,1.389,0.00322903114779671
3461,VWA7,1.105,0.0032450668936286
3474,TNS4,1.02,0.0032905447103875603
3477,DAZL,1.83,0.0033119044500662
3502,KCNJ9,1.379,0.0034143100412872
3508,MYADML2,1.6030000000000002,0.0034678125303447
3523,CYP7B1,1.9569999999999999,0.0035447368364949897
3541,ITGA2,1.033,0.0036678002490601897
3543,TMEM74,1.2670000000000001,0.00368971144674372
3544,HOXD10,1.473,0.0037018383049173
3548,LINC00449,1.1,0.0037271780956380203
3557,ANGPTL7,1.199,0.00374505872715381
3566,LOC101927815,1.11,0.00381505040155115
3569,DNER,1.514,0.0038239338181370102
3602,LOC101928436,1.261,0.00402649698604447
3612,PSMB8-AS1,1.167,0.00406618453807158
3621,OR2S2,1.274,0.00408367400703134
3622,KANK3,1.234,0.0040849359231156105
3630,FBN2,1.463,0.0041086535730329105
3632,HRH2,1.6469999999999998,0.004113374922118221
3634,C2CD4D,1.054,0.0041205975849534894
3635,KL,1.133,0.004121075291699161
3638,COL11A2,1.7619999999999998,0.0041241978770591705
3649,PDZRN4,1.6980000000000002,0.0041678799224667395
3653,COX4I2,1.706,0.0041945361471469895
3684,CYP19A1,1.379,0.00433984544389622
3686,LOC105369739,1.204,0.0043447175595266
3695,VSIG2,1.442,0.0043914680581042895
3696,MIR1273D,1.2109999999999999,0.00440078592641435
3700,LINC00570,1.064,0.00442262945529786
3736,CERS4,1.411,0.00459607873219297
3740,PLEKHG4B,1.4169999999999998,0.00461352590525425
3746,MAPK4,2.54,0.004632803996511129
3753,CACNA1G,1.02,0.00467119775086206
3757,KANSL1,1.699,0.00468642997661947
3760,LINC01142,2.1830000000000003,0.004716829517698739
3763,ACACA,1.165,0.00473471319881078
3765,CCL20,1.584,0.00475856418017929
3773,TNFSF8,2.1590000000000003,0.004816697233153779
3789,LINC00622,1.3559999999999999,0.00490759101073185
3820,LOC101927762,1.81,0.00507018028131401
3855,MRGPRF-AS1,1.0959999999999999,0.00525922071250049
3858,MRGPRX3,1.114,0.0052642439686108105
3869,ASPG,1.545,0.0053286350871396
3870,FABP4,2.0909999999999997,0.0053488757395047295
3881,MUC20,1.416,0.00540119939285755
3882,ABCC6P1,1.324,0.00541643116287865
3902,IFNA1,1.903,0.00553683980286644
3919,SLC16A11,1.4380000000000002,0.00562375259531369
3920,RYR2,1.12,0.00562627224997834
3944,CCDC144NL,1.199,0.0057428123874397104
3952,FEZF1-AS1,2.165,0.0057672564322158795
3965,ATE1-AS1,1.29,0.0058567614055695105
3967,C2-AS1,1.176,0.00586443039613735
4010,PRAMENP,1.626,0.0060822563160036
4011,DCLK3,1.4169999999999998,0.00609473545172129
4016,MIR2052HG,1.732,0.00611952722094093
4023,KIF26B,1.401,0.0061895957740686295
4024,LRRC36,1.17,0.00619654833708392
4036,CLIC5,1.0979999999999999,0.006280057798281839
4037,ANOS1,1.026,0.00628775137321199
4045,MIR3689B,1.831,0.0063668723780033
4049,LINC00599,1.693,0.0063992191042018
4056,SYCE1,1.652,0.00644749070181342
4082,RNF144A,1.137,0.0065996837544132604
4116,CPVL,1.365,0.00685049259469068
4126,CYP21A1P,1.49,0.006905544525496629
4127,PTPRN2,1.18,0.00690385867483465
4129,ALOXE3,1.6,0.00691666023358995
4130,AJAP1,1.443,0.00692190274049578
4153,FGF16,1.296,0.00709560424376173
4166,HSPA12B,1.1440000000000001,0.0071787801336661095
4169,LOC105370906,1.6680000000000001,0.0072117487180973095
4172,ZNF341-AS1,1.3940000000000001,0.007223145997985621
4173,LOC440084,1.52,0.00722251581001902
4178,NAV2-AS5,1.56,0.00725442184966401
4187,NDST3,1.331,0.00727533486800195
4191,OAS1,1.2770000000000001,0.007305253155641379
4205,CD36,1.161,0.00738711084267621
4223,EMCN,1.311,0.00755310668137447
4236,MYOT,1.932,0.0076836562768584
4239,LOC100507657,2.01,0.007717431170128609
4262,PRR9,1.9069999999999998,0.007835518022436191
4279,C9,1.162,0.007924241585625259
4302,CCDC155,1.054,0.008135398832074009
4319,THSD7A,1.111,0.00832148269107047
4351,DCC,1.304,0.008575837114388609
4353,HIST1H2BG,1.005,0.00862961821580245
4358,PAPPA2,1.122,0.00867178812581785
4398,FAM26D,1.44,0.00901484629510548
4415,GYPB,1.3840000000000001,0.00914665141365005
4435,RBP4,1.4269999999999998,0.009261544498660809
4442,MYCT1,1.449,0.00929583193585747
4451,TMPRSS11A,2.156,0.009358512385673529
4476,THEMIS,1.2329999999999999,0.00956311327981778
4493,HAR1B,1.016,0.00968342560086026
4501,EPHA5-AS1,1.614,0.00974888255256525
4507,LOC105370757,1.479,0.00977968454772749
4526,TMEM200C,1.198,0.00993736236332428
4532,RGS22,1.046,0.0099654930016143
4549,LINC00540,1.2770000000000001,0.010091462680764999
4573,SYN2,1.305,0.0103599749919618
4579,MIR4313,1.839,0.0104310616723446
4585,LOC101928516,1.787,0.010468728150274999
4586,HSD3B1,1.6540000000000001,0.0104684303766562
4589,IRF7,1.261,0.0104736714209337
4602,FYB,1.4980000000000002,0.0105783213219972
4617,CYP2D7,1.444,0.010744220967137
4618,SNORA2C,1.381,0.0107515164040567
4635,CADPS,1.1340000000000001,0.0109533629172807
4648,HNF4G,1.181,0.0110939649873666
4652,LINC00982,1.2,0.0111532763225729
4679,GPC5,1.49,0.0114199622345812
4681,BDKRB2,1.0959999999999999,0.0114435543346101
4693,SMLR1,1.175,0.0115308732551511
4697,DSG2,1.2309999999999999,0.011566650322034999
4703,CYP2D6,1.7930000000000001,0.0116055736914584
4725,KNDC1,1.2329999999999999,0.0117626025615691
4738,KIF17,1.183,0.0119351257933424
4755,TRPC3,1.127,0.0120795349159987
4759,LINC00710,1.261,0.0121192899581683
4774,OR7E12P,1.374,0.0123354286843794
4786,TSSK2,1.892,0.0124844144904731
4795,BHLHA15,1.415,0.0125576507627366
4806,CCDC33,1.216,0.0126585417111879
4808,MIR6753,1.06,0.012681893486408
4809,CTAGE8,1.598,0.012686260016035
4810,RTN1,1.214,0.0126959862208212
4855,TSHR,1.084,0.0131934809826237
4863,CDH6,1.023,0.013259518633501001
4903,SPRR2D,1.452,0.0137082365444258
4904,SNORA24,1.6880000000000002,0.0137146546784403
4956,PRSS3,1.33,0.0143355654417983
4960,LGI1,1.16,0.014435108338058998
4964,PRAME,2.033,0.0144831878440075
4967,PLA2G4A,1.341,0.0145168869263517
4974,GOLGA8M,1.137,0.0146008665071413
4979,TCTEX1D1,1.112,0.0146401919464425
4997,LOC100506444,1.1059999999999999,0.0147743669555734
5004,MIR450A1,1.249,0.0148661559656589
5028,CPSF4L,1.5130000000000001,0.0151611813357149
5031,B3GNT6,1.452,0.0151718264927168
5037,CRYGN,1.139,0.0152500569419075
5039,CTAGE1,1.2109999999999999,0.0152552743231848
5071,NRG3,1.69,0.0155435394468044
5087,PCSK1N,1.137,0.0157021712657791
5095,PRRC2A,1.99,0.0158320677896521
5131,GKN2,1.429,0.0162647249332159
5132,CYP21A2,1.666,0.016318298816963003
5151,ALKAL2,1.224,0.0165899419140454
5164,SELL,1.454,0.0167587560383702
5165,RNVU1-1,1.1420000000000001,0.0167639817013286
5194,CRYBG2,1.291,0.0173575179336248
5209,LENG1,1.421,0.0175789801098288
5215,MIR145,1.236,0.0176287114448055
5244,SNORA2B,1.5,0.0180766205633093
5246,LINC01737,1.1520000000000001,0.0180881023766877
5247,GRHL2,1.219,0.0181008061885743
5249,LOC101928161,1.348,0.0181538953205093
5277,IFITM4P,1.21,0.0185136314374425
5294,LENG8-AS1,1.975,0.0187357145624485
5304,IL10RA,1.0390000000000001,0.0188383347107374
5320,TMEM31,1.158,0.0190394832514094
5327,TNFSF12-TNFSF13,1.479,0.0190999098719125
5328,CTAGE11P,1.024,0.0191073508162002
5360,TDRD9,1.073,0.0196376693909091
5365,TDO2,1.038,0.0196857999434715
5388,MIR4740,1.128,0.0200713144342918
5403,AVPR1A,1.5419999999999998,0.0201554490612173
5404,CTAGE4,1.097,0.0202118302525739
5418,SAPCD1,1.107,0.0203746496085072
5425,TRIM27,1.254,0.0204583007248402
5428,MEI4,1.182,0.0204799466735883
5441,RASIP1,1.524,0.0205942736329869
5447,GALNT13,1.07,0.0206755274237723
5451,CMPK2,1.327,0.0208076300307404
5453,CRYM,1.0859999999999999,0.0208959625242574
5473,GNG8,1.351,0.0210909565861529
5494,AOC4P,1.21,0.021388597139066
5528,LOC101929457,1.255,0.0220609945174373
5542,FAM163B,1.39,0.0222719808177474
5549,HCG23,1.8130000000000002,0.0223584569599981
5586,IL13RA2,1.474,0.0229120760796697
5604,RPRM,1.001,0.0231626461764285
5631,MUC3A,1.6869999999999998,0.0235438407025935
5645,GSTT2,1.45,0.0237508489900696
5651,MGAM,1.2,0.0238651070566607
5660,LOC102724804,1.17,0.0240293567666128
5665,SLCO1C1,1.376,0.0241161920029968
5666,MAGEC3,1.5330000000000001,0.0241337543442176
5679,SOST,1.5619999999999998,0.0243519393772093
5684,XXYLT1-AS2,1.8019999999999998,0.0244244503365026
5738,NFE2,1.107,0.0254459718943412
5756,LINC01146,1.365,0.0258549854343341
5772,MIR412,1.5230000000000001,0.0260824361472015
5800,LTA,1.604,0.0266463932634764
5824,RBM11,1.558,0.0271193339701494
5849,LOC101928894,1.21,0.0275485197095254
5853,RXFP3,1.2930000000000001,0.0276378620378234
5872,ECSCR,1.6380000000000001,0.0279157760101973
5903,ZNF890P,1.35,0.0283688754060382
5920,IL1RAPL2,1.524,0.0286228709918476
5931,MX1,1.085,0.0287385048715319
5949,HPGD,1.4380000000000002,0.0290902038549888
5955,SCG5,2.9360000000000004,0.0291866485734379
5973,FOLR3,1.3840000000000001,0.0294015607968156
6010,LOC100506474,1.328,0.0301210498652168
6045,TPBGL,1.514,0.0307337490275587
6064,CD93,1.092,0.0310050229459388
6123,TMEM5-AS1,1.001,0.0321213662735354
6186,NELL1,1.12,0.0332433691673528
6253,LOC101927855,1.067,0.0349695009570986
6295,CXCL3,1.035,0.0358774104181867
6322,MIR1273G,1.117,0.0363724739212037
6349,PAQR9,1.15,0.0368332917194186
6433,ZNF385B,1.294,0.0383233577038999
6467,LOC105375451,1.237,0.0390799698419777
6478,ACHE,1.045,0.0393675200650028
6519,PMCHL2,1.255,0.0402258494363881
6542,LINC00911,1.4769999999999999,0.0409208625753011
6577,LINC01800,1.4080000000000001,0.0416091273614552
6604,BCL2L10,1.224,0.0423577299576787
6622,EPHA3,1.03,0.042764815362901
6627,GPR21,1.393,0.0428328164621387
6630,LINC02380,1.125,0.0428904335440372
6632,CXorf58,1.1840000000000002,0.0429713515935525
6636,B4GALT4-AS1,1.054,0.0431437244202882
6643,LINC01315,1.335,0.0432483771034161
6653,LOC388436,1.236,0.0434213363325417
6657,FCAMR,1.489,0.0435357441979104
6674,DHRS7C,1.963,0.0438622923371145
6686,GRAPL,1.1540000000000001,0.044016416187381
6756,LOC554223,1.126,0.0457717809657008
6785,NLRP14,1.119,0.0466394307588611
6798,TSPEAR-AS1,1.162,0.0467763297567851
6808,GJD3,1.238,0.047014075556112
6823,LENG8,1.517,0.0473175389096903
6834,MIR377,1.3330000000000002,0.0476018425678732
6854,FAM216B,1.484,0.0481342395183159
6869,SLC18A1,1.087,0.0484055600239028
6885,MICB,1.4369999999999998,0.0488111242224155
6888,LOC102724957,1.517,0.0488885668602399
6922,LTC4S,1.121,0.04988596563302901
